"","T_MAPCODE","tar_sa","tar_gbf","ext_veg","ext_vegpa","ext_vegrempa_inclinv","ext_vegrempa_exclinv","prppa","ext_tar_sa","ext_tar_gbf","epl_base","epl_nat","epl_nat_exclinv"
"1","FFd7",32,30,247.4448,31.7484,30.2464,29.6036,0.12830497953483,79.182336,74.23344,"PP","PP","PP"
"2","AT34",19,30,167.5268,0,0,0,0,31.830092,50.25804,"NP","NP","NP"
"3","AT50",19,30,577.5424,222.0344,209.4652,206.7244,0.38444692545517,109.733056,173.26272,"WP","WP","WP"
"4","AT51",19,30,1963.4028,241.0732,214.6088,212.2156,0.122783363658237,373.046532,589.02084,"MP","MP","MP"
"5","AT36",19,30,51.4116,39.8792,25.1096,17.1236,0.775684864894304,9.768204,15.42348,"WP","WP","WP"
"6","FS13",36,30,41.644,34.4868,30.3376,25.0252,0.828133704735376,14.99184,12.4932,"WP","WP","WP"
"7","AT40",19,30,596.3172,17.6224,13.3424,12.8132,0.0295520571937217,113.300268,178.89516,"PP","PP","PP"
"8","FFl3",32,30,791.6736,13.948,12.434,10.858,0.0176183720159419,253.335552,237.50208,"PP","NP","NP"
"9","FFd9",32,30,517.29,35.6828,29.9332,21.356,0.0689802625219896,165.5328,155.187,"PP","PP","PP"
"10","FFd11",36,30,76.61,4.7152,1.9408,1.2056,0.0615481007701345,27.5796,22.983,"PP","PP","NP"
"11","FFs20",23,30,2298.4988,833.7224,808.9996,519.2848,0.362724748866521,528.654724,689.54964,"WP","WP","MP"
"12","AT57",19,30,137.0648,4.416,3.9352,3.6432,0.0322183376038195,26.042312,41.11944,"PP","PP","PP"
"13","AT54",19,30,187.7204,109.8604,109.1052,96.0384,0.585234210027253,35.666876,56.31612,"WP","WP","WP"
"14","AT19",19,30,1077.8672,378.8068,369.4044,360.9536,0.351441068064786,204.794768,323.36016,"WP","WP","WP"
"15","AT25",19,30,2128.9656,287.0744,284.1652,284.1256,0.134842197544197,404.503464,638.68968,"MP","MP","MP"
"16","AT27",19,30,1239.9792,401.2496,398.9264,397.8672,0.32359381512206,235.596048,371.99376,"WP","WP","WP"
"17","AT29",19,30,784.614,622.8,614.764,614.2948,0.793766106646071,149.07666,235.3842,"WP","WP","WP"
"18","AT33",19,30,491.8056,22.2236,21.8084,21.8084,0.0451877733803763,93.443064,147.54168,"PP","PP","PP"
"19","AT43",19,30,286.2032,1.27,1.2692,1.2692,0.00443740670963847,54.378608,85.86096,"NP","NP","NP"
"20","AT46",19,30,571.8576,157.0672,154.5432,154.3524,0.274661384232718,108.652944,171.55728,"WP","WP","WP"
"21","AT49",19,30,5647.1168,1104.2188,1054.6352,1054.6304,0.19553673832282,1072.952192,1694.13504,"WP","MP","MP"
"22","AT55",19,30,760.3872,61.4588,60.0784,60.0392,0.0808256635566722,144.473568,228.11616,"PP","PP","PP"
"23","AT58",19,30,2252.3448,2.7784,2.772,2.772,0.00123355891158405,427.945512,675.70344,"NP","NP","NP"
"24","AT26",19,30,40.4824,1.2604,1.0064,0.4168,0.0311345177163409,7.691656,12.14472,"PP","PP","PP"
"25","AT37",19,30,176.6464,1.7776,1.5748,1.5432,0.0100630411941596,33.562816,52.99392,"PP","NP","NP"
"26","FS14",36,30,96.9252,10.5144,9.7448,5.6824,0.10847952854366,34.893072,29.07756,"PP","PP","PP"
"27","FRs19",29,30,373.15,0.5304,0.5248,0.412,0.00142141230068337,108.2135,111.945,"NP","NP","NP"
"28","AZa6",31,30,653.4064,58.6736,38.9408,38.0088,0.0897964880662326,202.555984,196.02192,"PP","PP","PP"
"29","AZd2",26,30,13.216,1.5684,1.5672,1.5672,0.118674334140436,3.43616,3.9648,"PP","PP","PP"
"30","AZd3",20,30,220.2732,137.5688,136.2604,136.1308,0.624537165665183,44.05464,66.08196,"WP","WP","WP"
"31","AZa2",31,30,350.796,7.3628,4.8836,3.226,0.0209888368168394,108.74676,105.2388,"PP","NP","NP"
"32","AZi1",24,30,1363.9048,113.1136,109.3768,109.3768,0.082933647568364,327.337152,409.17144,"PP","PP","PP"
"33","AZa1",31,30,18.7044,17.8228,17.5148,15.5732,0.952866705160283,5.798364,5.61132,"WP","WP","WP"
"34","AZi5",24,30,5176.9952,91.8672,89.1472,89.1472,0.0177452743243803,1242.478848,1553.09856,"PP","PP","PP"
"35","AZi6",24,30,5302.936,650.2856,555.2004,554.9096,0.122627465238125,1272.70464,1590.8808,"MP","PP","PP"
"36","AZi7",19,30,2130.1056,442.1284,400.93,400.93,0.207561728395062,404.720064,639.03168,"WP","MP","MP"
"37","AZi8",16,30,407.1792,4.498,1.7856,1.586,0.0110467332319529,65.148672,122.15376,"PP","NP","NP"
"38","FOz6",21,30,185.2344,93.606,88.6,88.3552,0.505338101346186,38.899224,55.57032,"WP","WP","WP"
"39","FOz1",22,30,788.0828,498.302,432.2992,409.828,0.63229650488502,173.378216,236.42484,"WP","WP","WP"
"40","FFs19",23,30,1571.0644,612.2428,502.2812,359.9208,0.389699365602072,361.344812,471.31932,"WP","WP","MP"
"41","FFt2",23,30,211.1624,23.0288,22.6468,18.1172,0.109057294291029,48.567352,63.34872,"PP","PP","PP"
"42","FFd2",29,30,2055.6608,51.098,16.3192,15.5528,0.0248572137971401,596.141632,616.69824,"PP","NP","NP"
"43","FFb4",27,30,61.9624,43.8936,43.55,37.322,0.708390895123494,16.729848,18.58872,"WP","WP","WP"
"44","FFs15",30,30,993.5776,578.0192,574.4868,564.5588,0.581755466306809,298.07328,298.07328,"WP","WP","WP"
"45","FFb2",30,30,134.5308,97.8912,97.4288,85.2624,0.727648984470471,40.35924,40.35924,"WP","WP","WP"
"46","FFg2",30,30,523.9892,194.0576,160.1056,122.4736,0.370346564394839,157.19676,157.19676,"WP","WP","MP"
"47","FRg2",26,30,951.3408,13.3996,5.2908,3.6876,0.0140849630332264,247.348608,285.40224,"PP","NP","NP"
"48","FFg5",23,30,498.2224,9.502,3.3712,1.702,0.0190718040778576,114.591152,149.46672,"PP","NP","NP"
"49","FFd1",29,30,1300.9768,104.124,104.08,104.08,0.0800352473618284,377.283272,390.29304,"PP","PP","PP"
"50","FFl1",32,30,286.9588,41.8492,40.628,32.2732,0.145836963355018,91.826816,86.08764,"PP","PP","PP"
"51","FS7",36,30,46.8288,16.4552,14.6996,8.5336,0.351390597239306,16.858368,14.04864,"MP","MP","MP"
"52","FFl2",32,30,694.2568,201.3344,199.074,128.6204,0.289999896291977,222.162176,208.27704,"MP","MP","MP"
"53","FFs17",30,30,107.4468,54.7324,53.6912,47.4808,0.509390693813124,32.23404,32.23404,"WP","WP","WP"
"54","FS9",36,30,27.99,1.3044,0.5072,0.2696,0.0466023579849946,10.0764,8.397,"PP","PP","NP"
"55","FFd6",30,30,88.5808,21.7832,20.0324,15.8376,0.245913335621263,26.57424,26.57424,"MP","MP","MP"
"56","FFf1",30,30,694.0016,40.2028,23.0208,21.7616,0.0579289730744137,208.20048,208.20048,"PP","PP","PP"
"57","FFg3",30,30,91.7956,34.0368,23.6104,16.0256,0.370789013852516,27.53868,27.53868,"WP","MP","MP"
"58","FRs10",26,30,25.2736,2.7516,1.886,1.3928,0.108872499366928,6.571136,7.58208,"PP","PP","PP"
"59","FS1",24,30,354.2776,26.2044,21.4912,21.4692,0.0739657263117962,85.026624,106.28328,"PP","PP","PP"
"60","FS2",24,30,298.8244,27.7396,25.7036,24.8632,0.092829099631757,71.717856,89.64732,"PP","PP","PP"
"61","FS3",24,30,1643.4048,78.4612,68.0796,62.0988,0.0477430758386491,394.417152,493.02144,"PP","PP","PP"
"62","FS4",24,30,61.564,10.5132,9.3624,8.9728,0.170768631018127,14.77536,18.4692,"MP","MP","MP"
"63","FS5",24,30,344.3644,183.4572,174.464,147.6804,0.532741479665145,82.647456,103.30932,"WP","WP","WP"
"64","FS6",24,30,398.9228,82.8572,73.4764,52.8564,0.207702342408105,95.741472,119.67684,"MP","MP","MP"
"65","FRc2",27,30,209.756,1.2604,0.438,0.416,0.00600888651576117,56.63412,62.9268,"NP","NP","NP"
"66","FRs12",27,30,2027.506,12.6004,6.8972,6.7624,0.0062147288343413,547.42662,608.2518,"NP","NP","NP"
"67","FRs13",27,30,2762.57,43.592,6.7592,6.0708,0.0157795096594837,745.8939,828.771,"PP","NP","NP"
"68","FFs27",23,30,2402.9412,1112.0536,1107.7,1050.2712,0.46278851933622,552.676476,720.88236,"WP","WP","WP"
"69","FFs28",23,30,4052.18,1080.8716,1069.5096,1012.7104,0.266738298890967,932.0014,1215.654,"WP","WP","WP"
"70","FFs2",29,30,1343.1468,70.4092,67.4548,66.1024,0.0524210756411734,389.512572,402.94404,"PP","PP","PP"
"71","FFh6",30,30,279.4916,71.7656,24.8164,19.65,0.256771938763097,83.84748,83.84748,"MP","PP","PP"
"72","FRc1",26,30,101.0616,0.624,0.1404,0.0864,0.00617445201738346,26.276016,30.31848,"NP","NP","NP"
"73","FRs9",26,30,4963.7544,88.816,43.494,34.504,0.0178929078360525,1290.576144,1489.12632,"PP","NP","NP"
"74","FRa1",27,30,497.676,4.802,4.23,3.4268,0.00964884784478255,134.37252,149.3028,"NP","NP","NP"
"75","FRg3",27,30,19.1756,5.5196,5.5196,4.8668,0.287844969648929,5.177412,5.75268,"WP","WP","MP"
"76","FRs11",27,30,1193.6704,18.6456,7.464,6.436,0.0156203923629169,322.291008,358.10112,"PP","NP","NP"
"77","FRs8",27,30,1049.7592,72.8464,67.1444,62.8992,0.0693934380379805,283.434984,314.92776,"PP","PP","PP"
"78","FFb5",27,30,108.3896,47.1164,46.2088,44.5488,0.434694841571516,29.265192,32.51688,"WP","WP","WP"
"79","FFh10",23,30,283.2676,131.5828,130.282,110.6832,0.464517650447845,65.151548,84.98028,"WP","WP","WP"
"80","FFq5",23,30,388.8108,0,0,0,0,89.426484,116.64324,"NP","NP","NP"
"81","FFq6",23,30,683.2776,154.99,154.2792,133.7756,0.226833134878123,157.153848,204.98328,"MP","MP","MP"
"82","FFs18",23,30,878.8052,98.9456,97.2628,95.3364,0.112591049757102,202.125196,263.64156,"PP","PP","PP"
"83","FRs16",29,30,1347.8644,33.6232,31.5288,31.4896,0.0249455360643103,390.880676,404.35932,"PP","PP","PP"
"84","FRs17",29,30,207.1384,1.1872,0.8492,0.8144,0.0057314336694693,60.070136,62.14152,"NP","NP","NP"
"85","FRs18",29,30,118.7224,82.4936,82.4904,82.2656,0.694844443845475,34.429496,35.61672,"WP","WP","WP"
"86","FRs20",28,30,46.9912,0,0,0,0,13.157536,14.09736,"NP","NP","NP"
"87","FRd1",27,30,219.4944,7.0712,7.0488,6.9504,0.0322158560765104,59.263488,65.84832,"PP","PP","PP"
"88","FRd2",27,30,578.926,2.4464,2.4464,2.4464,0.00422575596881121,156.31002,173.6778,"NP","NP","NP"
"89","FRs1",27,30,207.306,14.0868,14.0184,13.2824,0.0679517235391161,55.97262,62.1918,"PP","PP","PP"
"90","FRs2",27,30,218.8368,0.1924,0.1804,0.1576,0.000879193992966448,59.085936,65.65104,"NP","NP","NP"
"91","FRs3",27,30,3217.472,110.3376,105.76,105.76,0.0342932588069143,868.71744,965.2416,"PP","PP","PP"
"92","FRs5",27,30,1236.5136,0,0,0,0,333.858672,370.95408,"NP","NP","NP"
"93","FFg1",27,30,64.8176,0,0,0,0,17.500752,19.44528,"NP","NP","NP"
"94","FRg1",27,30,305.5396,3.4916,3.4816,3.4816,0.0114276512766267,82.495692,91.66188,"NP","NP","NP"
"95","FFa1",29,30,180.0652,21.4064,12.1892,11.9384,0.118881382965726,52.218908,54.01956,"PP","PP","PP"
"96","FFb1",29,30,279.0688,213.4364,209.2416,206.5944,0.764816418030249,80.929952,83.72064,"WP","WP","WP"
"97","FFh1",29,30,427.9772,79.604,72.0176,71.05,0.186000562646795,124.113388,128.39316,"MP","MP","MP"
"98","FFq2",29,30,1646.1872,410.608,404.7584,404.6964,0.249429712489564,477.394288,493.85616,"MP","MP","MP"
"99","FFs1",29,30,1014.1516,75.6272,74.1892,73.8328,0.0745718884632238,294.103964,304.24548,"PP","PP","PP"
"100","FFs3",29,30,498.2384,347.3252,339.2104,326.6168,0.697106445428534,144.489136,149.47152,"WP","WP","WP"
"101","FFs30",29,30,37.5252,37.5052,37.4604,37.4588,0.999467024825984,10.882308,11.25756,"WP","WP","WP"
"102","FFs4",29,30,2523.64,1443.4112,1424.454,1415.4888,0.571956063463886,731.8556,757.092,"WP","WP","WP"
"103","FFs5",29,30,1135.986,923.0744,911.182,897.854,0.812575507092517,329.43594,340.7958,"WP","WP","WP"
"104","FFs6",29,30,422.8764,40.6268,34.7744,32.5212,0.0960725166975504,122.634156,126.86292,"PP","PP","PP"
"105","FFs7",29,30,394.0712,312.372,310.4976,307.314,0.792679089464036,114.280648,118.22136,"WP","WP","WP"
"106","FFs8",29,30,319.7464,291.4492,290.6248,283.8408,0.911501114633347,92.726456,95.92392,"WP","WP","WP"
"107","FFc1",30,30,869.1648,49.3344,40.9432,35.4224,0.0567606971658309,260.74944,260.74944,"PP","PP","PP"
"108","FFh8",30,30,186.7676,23.912,23.2344,23.1372,0.128030771932605,56.03028,56.03028,"PP","PP","PP"
"109","FFs16",30,30,1215.3228,912.8024,907.8012,815.636,0.751078149772225,364.59684,364.59684,"WP","WP","WP"
"110","FFa2",30,30,501.6496,20.8644,17.4168,12.8104,0.0415915810557808,150.49488,150.49488,"PP","PP","PP"
"111","FFa3",30,30,477.154,57.084,39.976,36.0068,0.119634331892848,143.1462,143.1462,"PP","PP","PP"
"112","FFd8",30,30,97.686,2.8096,1.882,1.5412,0.0287615420838196,29.3058,29.3058,"PP","PP","PP"
"113","FFg4",30,30,16.934,7.0332,7.0144,6.2416,0.415330105113972,5.0802,5.0802,"WP","WP","WP"
"114","FFh4",30,30,316.876,94.394,92.0208,79.9744,0.297889395220843,95.0628,95.0628,"MP","MP","MP"
"115","FFh7",30,30,266.618,25.5348,17.8564,11.8976,0.0957729785685888,79.9854,79.9854,"PP","PP","PP"
"116","FFq4",30,30,97.856,7.3968,7.3596,7.3448,0.0755886200130804,29.3568,29.3568,"PP","PP","PP"
"117","FFs10",30,30,1050.6224,934.9516,928.2704,839.4248,0.889902594880901,315.18672,315.18672,"WP","WP","WP"
"118","FFs13",30,30,531.504,379.5584,375.8576,365.3304,0.714121436527289,159.4512,159.4512,"WP","WP","WP"
"119","FFs14",30,30,358.8828,277.3456,273.0216,233.9552,0.772802708850912,107.66484,107.66484,"WP","WP","WP"
"120","FRa2",26,30,63.072,0,0,0,0,16.39872,18.9216,"NP","NP","NP"
"121","FFb3",27,30,97.8776,90.2636,90.1688,89.0744,0.922208963031378,26.426952,29.36328,"WP","WP","WP"
"122","FFh2",27,30,106.534,38.0964,38.094,38.0924,0.357598513150731,28.76418,31.9602,"WP","WP","WP"
"123","FFh3",27,30,75.1268,8.6104,8.4724,8.1248,0.114611563383506,20.284236,22.53804,"PP","PP","PP"
"124","FFq3",27,30,1268.0852,113.078,112.7528,112.7516,0.089172241738962,342.383004,380.42556,"PP","PP","PP"
"125","FFs21",27,30,318.3396,199.6416,199.56,198.6624,0.627134041759178,85.951692,95.50188,"WP","WP","WP"
"126","FFs22",27,30,388.3256,218.1996,217.2344,215.6436,0.561898571714046,104.847912,116.49768,"WP","WP","WP"
"127","FFs23",27,30,852.1924,691.5704,689.4084,688.7208,0.811519088881807,230.091948,255.65772,"WP","WP","WP"
"128","FFs24",27,30,1084.7884,878.3572,877.344,870.2712,0.809703717333261,292.892868,325.43652,"WP","WP","WP"
"129","FFs25",27,30,332.5684,263.664,263.3924,262.4628,0.792811343470997,89.793468,99.77052,"WP","WP","WP"
"130","FFs26",27,30,304.1844,216.2376,214.1088,209.0776,0.71087669190136,82.129788,91.25532,"WP","WP","WP"
"131","FFs31",29,30,50.8348,50.8132,50.7684,50.7628,0.99957509422679,14.742092,15.25044,"WP","WP","WP"
"132","FFs32",29,30,547.9488,0.0044,0.004,0.004,0.00000802994732354556,158.905152,164.38464,"NP","NP","NP"
"133","FFt1",27,30,404.9544,47.8372,47.5336,46.6924,0.118129843755247,109.337688,121.48632,"PP","PP","PP"
"134","FRl1",29,30,501.6888,13.8284,13.7988,12.4,0.0275637008440292,145.489752,150.50664,"PP","PP","PP"
"135","FRs15",29,30,276.4104,26.1616,25.786,25.616,0.0946476688286692,80.159016,82.92312,"PP","PP","PP"
"136","FRs4",27,30,491.7496,8.7844,7.356,7.1412,0.0178635630816985,132.772392,147.52488,"PP","PP","PP"
"137","FRs6",27,30,2095.8456,249.9088,237.796,236.8696,0.119240081425845,565.878312,628.75368,"PP","PP","PP"
"138","FRs7",27,30,1607.8492,99.588,98.0672,97.3208,0.0619386444947698,434.119284,482.35476,"PP","PP","PP"
"139","FRs14",27,30,866.5308,1.5884,1.5492,0.9088,0.001833056597642,233.963316,259.95924,"NP","NP","NP"
"140","FFb6",27,30,78.0444,8.6012,6.9244,4.5368,0.11020906048352,21.071988,23.41332,"PP","PP","PP"
"141","FFd10",23,30,151.6788,61.4424,19.1852,8.4496,0.40508231868923,34.886124,45.50364,"WP","MP","PP"
"142","FFh9",23,30,563.6392,64.3972,38.4624,18.6228,0.114252521826019,129.637016,169.09176,"PP","PP","PP"
"143","FFa4",30,30,35.8392,9.7476,1.9672,1.1784,0.271981517444586,10.75176,10.75176,"MP","PP","PP"
"144","FFd3",30,30,1009.5924,89.226,79.9556,73.1412,0.0883782405652024,302.87772,302.87772,"PP","PP","PP"
"145","FFd4",30,30,689.0436,56.8216,46.5684,37.9424,0.0824644478230405,206.71308,206.71308,"PP","PP","PP"
"146","FFd5",30,30,556.9336,12.6672,7.8896,6.7084,0.0227445426169296,167.08008,167.08008,"PP","NP","NP"
"147","FFf2",30,30,40.588,2.242,1.4112,1.2432,0.0552380013797181,12.1764,12.1764,"PP","PP","PP"
"148","FFh11",30,30,12.6292,7.456,5.0316,3.3172,0.59037785449593,3.78876,3.78876,"WP","WP","MP"
"149","FFh5",30,30,84.0044,36.7484,25.384,19.0936,0.4374580379123,25.20132,25.20132,"WP","WP","MP"
"150","FFs11",30,30,914.2348,707.756,680.6988,650.5168,0.774151235546929,274.27044,274.27044,"WP","WP","WP"
"151","FFs12",30,30,1179.408,137.8376,129.6976,125.1608,0.116870158588037,353.8224,353.8224,"PP","PP","PP"
"152","FFs9",30,30,219.4464,193.7516,186.0588,166.868,0.882910815579567,65.83392,65.83392,"WP","WP","WP"
"153","FS10",36,30,322.876,146.5236,146.0596,91.4248,0.453807653712261,116.23536,96.8628,"WP","WP","MP"
"154","Gh1",24,30,8370.6212,2323.6232,2305.136,2303.9368,0.277592683324387,2008.949088,2511.18636,"WP","WP","WP"
"155","Gh4",28,30,9677.7704,653.512,527.5244,527.1756,0.0675271238094262,2709.775712,2903.33112,"PP","PP","PP"
"156","Gs17",28,30,4242.1876,211.8756,210.004,209.9584,0.0499448916403414,1187.812528,1272.65628,"PP","PP","PP"
"157","NKb3",21,30,41253.296,604.1164,602.1256,602.1256,0.0146440759545613,8663.19216,12375.9888,"PP","PP","PP"
"158","NKb4",21,30,2677.2,4.0052,3.972,3.972,0.00149604063947408,562.212,803.16,"NP","NP","NP"
"159","NKb6",21,30,41250.6684,943.094,930.5056,928.4456,0.0228625143926153,8662.640364,12375.20052,"PP","PP","PP"
"160","NKl1",16,30,20205.9452,495.2044,493.0396,493.0396,0.0245078562323331,3232.951232,6061.78356,"PP","PP","PP"
"161","NKl2",16,30,8321.3632,1282.8832,1256.4344,1256.2248,0.154167432566818,1331.418112,2496.40896,"MP","MP","MP"
"162","NKu1",21,30,17149.5756,21.106,21.0008,21.0008,0.00123070100930078,3601.410876,5144.87268,"NP","NP","NP"
"163","NKu2",21,30,11734.2756,1646.7864,1643.2796,1642.3288,0.140339843390077,2464.197876,3520.28268,"MP","MP","MP"
"164","NKu3",21,30,42273.7272,248.1084,216.4372,216.1192,0.00586909213910052,8877.482712,12682.11816,"NP","NP","NP"
"165","NKu4",21,30,49834.4344,3500.9388,3197.2916,3195.7604,0.0702514003048462,10465.231224,14950.33032,"PP","PP","PP"
"166","SKs14",26,30,838.9456,97.646,97.3148,97.3148,0.116391336935315,218.125856,251.68368,"PP","PP","PP"
"167","SKs7",26,30,3151.7932,222.0888,220.5928,220.5908,0.0704642677698524,819.466232,945.53796,"PP","PP","PP"
"168","SKs8",26,30,868.0312,189.6392,188.754,188.754,0.218470488157569,225.688112,260.40936,"MP","MP","MP"
"169","SKs9",26,30,917.3924,104.5556,104.3304,104.3304,0.113970423125371,238.522024,275.21772,"PP","PP","PP"
"170","SKk3",28,30,1320.886,392.21,390.5168,390.5168,0.29692948520917,369.84808,396.2658,"WP","WP","WP"
"171","SKs12",26,30,469.9288,34.8776,30.6368,30.6368,0.074218902948702,122.181488,140.97864,"PP","PP","PP"
"172","SKk1",28,30,1673.774,240.0172,239.7456,239.7456,0.143398810114149,468.65672,502.1322,"MP","MP","MP"
"173","SKk2",28,30,129.9056,47.1984,46.8252,46.8252,0.363328447734355,36.373568,38.97168,"WP","WP","WP"
"174","SKk4",28,30,983.548,123.0472,122.8888,122.8888,0.125105434610207,275.39344,295.0644,"PP","PP","PP"
"175","SKk5",28,30,988.53,12.7788,12.774,12.774,0.0129270735334284,276.7884,296.559,"NP","NP","NP"
"176","SKk6",28,30,59.8264,10.8888,10.8584,10.8584,0.182006605779388,16.751392,17.94792,"MP","MP","MP"
"177","SKk7",28,30,185.2136,4.5328,4.2308,4.2168,0.024473364806904,51.859808,55.56408,"PP","PP","PP"
"178","SKk8",26,30,2.86,0,0,0,0,0.7436,0.858,"NP","NP","NP"
"179","SKk9",29,30,142.7656,0.3384,0.3384,0.3352,0.00237031890035134,41.402024,42.82968,"NP","NP","NP"
"180","SKn1",28,30,7582.1624,585.8748,574.5864,574.5864,0.0772701465745445,2123.005472,2274.64872,"PP","PP","PP"
"181","SKn3",28,30,3107.996,67.7176,60.5848,60.5848,0.0217881876295851,870.23888,932.3988,"PP","PP","PP"
"182","SKn4",28,30,5040.6136,255.8332,253.7144,253.7144,0.0507543764116337,1411.371808,1512.18408,"PP","PP","PP"
"183","SKn5",28,30,653.3436,4.3924,4.3924,4.3924,0.006722955578045,182.936208,196.00308,"NP","NP","NP"
"184","SKn6",28,30,396.7944,2.9232,2.9216,2.9216,0.00736703945418585,111.102432,119.03832,"NP","NP","NP"
"185","SKn7",28,30,997.1488,20.886,20.886,20.886,0.0209457204381131,279.201664,299.14464,"PP","PP","PP"
"186","SKs10",28,30,136.4288,98.3304,95.992,95.992,0.720745179903364,38.200064,40.92864,"WP","WP","WP"
"187","SKs11",26,30,286.9792,85.8156,85.7108,85.7108,0.299030731147066,74.614592,86.09376,"WP","WP","WP"
"188","SKs13",29,30,201.1296,0.0896,0.0896,0.0896,0.000445483906893863,58.327584,60.33888,"NP","NP","NP"
"189","SKv1",19,30,540.74,0.7956,0.6944,0.6924,0.00147131708399601,102.7406,162.222,"NP","NP","NP"
"190","SKv10",16,30,240.126,18.6132,18.3452,18.3452,0.0775143049898803,38.42016,72.0378,"PP","PP","PP"
"191","SKv11",16,30,1578.5704,15.0064,14.9616,14.96,0.00950632293624662,252.571264,473.57112,"PP","PP","PP"
"192","SKv13",16,30,2555.2608,69.6612,63.3872,63.3872,0.0272618747957156,408.841728,766.57824,"PP","PP","PP"
"193","SKv14",16,30,793.3056,0,0,0,0,126.928896,237.99168,"NP","NP","NP"
"194","SKv2",19,30,559.3864,68.7072,68.6848,68.6848,0.122826010786104,106.283416,167.81592,"MP","MP","MP"
"195","SKv3",19,30,928.5724,16.0912,15.7124,15.6764,0.0173289664866197,176.428756,278.57172,"PP","PP","PP"
"196","SKv4",19,30,1318.3684,185.9628,184.5764,184.5764,0.141055261943475,250.489996,395.51052,"MP","MP","MP"
"197","SKv5",19,30,6988.3064,978.2868,974.0504,974.0504,0.139989110952548,1327.778216,2096.49192,"MP","MP","MP"
"198","SKv6",19,30,4714.4892,13.944,13.8168,13.8168,0.00295769051714022,895.752948,1414.34676,"NP","NP","NP"
"199","SKv7",16,30,653.3552,22.7428,20.7708,20.5724,0.0348092431192099,104.536832,196.00656,"PP","PP","PP"
"200","SKv8",16,30,4109.0248,429.2952,424.0936,424.0308,0.104476176439724,657.443968,1232.70744,"MP","MP","MP"
"201","SKt1",18,30,101.7792,0,0,0,0,18.320256,30.53376,"NP","NP","NP"
"202","SKt2",18,30,7632.554,20.8468,20.5552,20.5552,0.00273130068912713,1373.85972,2289.7662,"NP","NP","NP"
"203","SKt3",18,30,5357.996,3.4936,3.2928,3.2928,0.000652034827946867,964.43928,1607.3988,"NP","NP","NP"
"204","FS11",36,30,39.6004,9.8608,9.8248,5.264,0.249007585781962,14.256144,11.88012,"MP","MP","PP"
"205","FS12",36,30,119.0592,18.2376,17.5368,16.0216,0.153180938558297,42.861312,35.71776,"PP","PP","PP"
"206","AT21",19,30,386.3068,13.5144,9.5092,9.3344,0.0349835933511913,73.398292,115.89204,"PP","PP","PP"
"207","AT31",19,30,240.8016,6.524,6.5228,6.352,0.027092843236922,45.752304,72.24048,"PP","PP","PP"
"208","AT38",19,30,1290.854,171.4556,140.24,135.2792,0.132823386688192,245.26226,387.2562,"MP","MP","MP"
"209","AT45",19,30,697.0252,132.3272,103.6816,103.6568,0.189845646900571,132.434788,209.10756,"MP","MP","MP"
"210","AT41",19,30,307.5216,55.044,50.2292,49.3936,0.178992304930776,58.429104,92.25648,"MP","MP","MP"
"211","AT56",19,30,701.6176,15.2376,14.2424,12.596,0.021717813236156,133.307344,210.48528,"PP","PP","PP"
"212","AT18",19,30,1175.6312,187.3016,175.278,173.2188,0.159320031656186,223.369928,352.68936,"MP","MP","MP"
"213","AT24",19,30,2976.1348,88.8136,86.8108,86.8108,0.0298419278589128,565.465612,892.84044,"PP","PP","PP"
"214","AT15",19,30,14.6008,0.2872,0.276,0.276,0.0196701550599967,2.774152,4.38024,"PP","PP","PP"
"215","AT16",19,30,53.7692,2.71,2.6836,2.6836,0.0504006010876115,10.216148,16.13076,"PP","PP","PP"
"216","AT22",19,30,215.488,0.0028,0.0028,0.0028,0.000012993762993763,40.94272,64.6464,"NP","NP","NP"
"217","AT23",19,30,311.1928,54.5952,54.0752,54.0752,0.175438506289349,59.126632,93.35784,"MP","MP","MP"
"218","AT28",19,30,1030.5104,77.288,74.8196,73.834,0.0749997282899813,195.796976,309.15312,"PP","PP","PP"
"219","AT30",19,30,674.0584,139.2856,134.4504,134.4504,0.206637288401124,128.071096,202.21752,"WP","WP","WP"
"220","AT32",19,30,3596.184,515.656,511.228,510.6568,0.143389770934969,683.27496,1078.8552,"MP","MP","MP"
"221","AT35",19,30,30.1476,10.2684,5.7008,5.7008,0.340604227202165,5.728044,9.04428,"WP","MP","MP"
"222","AT42",19,30,59.8564,0,0,0,0,11.372716,17.95692,"NP","NP","NP"
"223","AT47",19,30,910.5756,40.4772,39.6988,39.6988,0.0444523222454017,173.009364,273.17268,"PP","PP","PP"
"224","AT52",19,30,43.5968,3.5612,3.5052,3.5048,0.0816848943041691,8.283392,13.07904,"PP","PP","PP"
"225","AT17",19,30,729.2028,140.3128,124.8788,123.7912,0.192419447648857,138.548532,218.76084,"WP","MP","MP"
"226","AT20",19,30,35.5164,0.332,0.2924,0.2748,0.00934779425842709,6.748116,10.65492,"NP","NP","NP"
"227","AT39",19,30,245.8596,31.8152,21.0384,21.0384,0.129403936230271,46.713324,73.75788,"MP","PP","PP"
"228","AT44",19,30,163.4576,0.0368,0.0308,0.0308,0.000225134836189936,31.056944,49.03728,"NP","NP","NP"
"229","AT48",19,30,20.3768,0,0,0,0,3.871592,6.11304,"NP","NP","NP"
"230","AT53",19,30,27.1028,13.2324,9.4188,7.6088,0.488229998376551,5.149532,8.13084,"WP","WP","WP"
"231","AZa7",31,30,1286.1356,626.4364,551.2388,549.4284,0.487068704108649,398.702036,385.84068,"WP","WP","WP"
"232","AZd4",20,30,28.082,16.458,16.2668,16.2664,0.586069368278613,5.6164,8.4246,"WP","WP","WP"
"233","AZs3",20,30,12.9664,10.9992,10.878,10.878,0.8482847976308,2.59328,3.88992,"WP","WP","WP"
"234","AZa4",31,30,1787.3464,60.292,53.2596,52.5068,0.0337326888621031,554.077384,536.20392,"PP","PP","PP"
"235","FOz5",22,30,825.652,231.29,224.11,223.6972,0.280130127462902,181.64344,247.6956,"WP","WP","WP"
"236","FOa2",35,30,100.502,48.916,41.0616,41.0532,0.48671668225508,35.1757,30.1506,"WP","WP","WP"
"237","SVs6",25,30,10185.4844,35.4548,27.788,22.6436,0.0034809144668662,2546.3711,3055.64532,"NP","NP","NP"
"238","FOz7",18,30,680.3856,370.4128,329.426,328.9988,0.544415989991558,122.469408,204.11568,"WP","WP","WP"
"239","FOz2",22,30,214.0732,90.6164,86.5436,84.5,0.423296330414083,47.096104,64.22196,"WP","WP","WP"
"240","FOz3",20,30,1062.2748,181.22,170.6052,169.0364,0.170596158357517,212.45496,318.68244,"MP","MP","MP"
"241","FFs29",23,30,334.1964,7.3592,5.958,3.5844,0.0220205843031224,76.865172,100.25892,"PP","PP","NP"
"242","Gd1",27,30,5026.9468,124.5416,114.49,106.156,0.0247747996855666,1357.275636,1508.08404,"PP","PP","PP"
"243","Gd2",27,30,158.3236,0,0,0,0,42.747372,47.49708,"NP","NP","NP"
"244","Gd3",27,30,2966.1812,0,0,0,0,800.868924,889.85436,"NP","NP","NP"
"245","Gd4",27,30,6646.0524,650.758,645.736,637.4696,0.0979164714379923,1794.434148,1993.81572,"PP","PP","PP"
"246","Gd8",27,30,4028.32,259.8824,257.01,256.0892,0.0645138419986496,1087.6464,1208.496,"PP","PP","PP"
"247","Gh2",24,30,7162.5576,89.0128,61.6008,61.3672,0.0124275161151933,1719.013824,2148.76728,"PP","NP","NP"
"248","Gh3",24,30,13392.4368,565.998,346.3804,346.2584,0.0422625104342475,3214.184832,4017.73104,"PP","PP","PP"
"249","Gm1",24,30,3571.9108,22.1324,14.4092,14.3808,0.00619623535951682,857.258592,1071.57324,"NP","NP","NP"
"250","Gm5",28,30,1777.134,190.4564,167.4764,162.366,0.107170534129672,497.59752,533.1402,"PP","PP","PP"
"251","Gs10",23,30,10944.6128,432.1412,385.7848,375.476,0.0394843753631924,2517.260944,3283.38384,"PP","PP","PP"
"252","Gs11",23,30,2342.158,131.778,89.8468,88.776,0.0562634971679963,538.69634,702.6474,"PP","PP","PP"
"253","Gs12",23,30,8728.1252,145.8736,108.4108,98.9316,0.0167130508164571,2007.468796,2618.43756,"PP","PP","NP"
"254","Gs13",23,30,492.96,12.2632,6.8196,6.7716,0.0248766634209672,113.3808,147.888,"PP","PP","PP"
"255","Gs14",23,30,5281.672,1.7296,1.5524,1.5524,0.000327472058090696,1214.78456,1584.5016,"NP","NP","NP"
"256","Gs15",23,30,6137.2616,1.4484,1.3948,1.336,0.000236001020389941,1411.570168,1841.17848,"NP","NP","NP"
"257","Gs16",23,30,3606.2944,28.872,27.8844,27.8844,0.00800600195036767,829.447712,1081.88832,"NP","NP","NP"
"258","Gs18",23,30,1433.932,0,0,0,0,329.80436,430.1796,"NP","NP","NP"
"259","Gs19",25,30,3024.2364,61.1404,33.922,29.6144,0.0202168058026152,756.0591,907.27092,"PP","NP","NP"
"260","Gs20",25,30,6280.594,11.6928,9.7584,9.136,0.00186173473400764,1570.1485,1884.1782,"NP","NP","NP"
"261","Gs6",23,30,5227.4684,101.754,72.248,71.8952,0.0194652539649977,1202.317732,1568.24052,"PP","PP","PP"
"262","Gs9",23,30,6972.2336,210.0568,97.5732,92.346,0.0301276193614626,1603.613728,2091.67008,"PP","PP","PP"
"263","CB6",25,30,1121.1792,7.1068,6.6968,5.8932,0.00633868341474762,280.2948,336.35376,"NP","NP","NP"
"264","CB3",25,30,4141.8068,58.5304,40.6876,30.9136,0.0141316103880075,1035.4517,1242.54204,"PP","NP","NP"
"265","CB4",25,30,1299.9024,94.7624,91.662,89.1652,0.0728996269258369,324.9756,389.97072,"PP","PP","PP"
"266","CB5",25,30,1650.386,25.1352,23.374,23.374,0.0152298916738266,412.5965,495.1158,"PP","PP","PP"
"267","NKl4",16,30,742.6932,61.2,60.7268,60.7052,0.0824028010489392,118.830912,222.80796,"MP","MP","MP"
"268","SVs7",25,30,7762.2768,29.862,28.4192,28.1224,0.00384706713885802,1940.5692,2328.68304,"NP","NP","NP"
"269","SVs4",25,30,803.1036,0,0,0,0,200.7759,240.93108,"NP","NP","NP"
"270","SVs5",25,30,1812.6008,13.326,4.5836,3.6884,0.00735186699685888,453.1502,543.78024,"NP","NP","NP"
"271","SVs8",19,30,1527.7652,46.52,37.4108,36.4128,0.0304497052295732,290.275388,458.32956,"PP","PP","PP"
"272","FOa3",26,30,23.8196,9.6548,9.2572,9.2572,0.405330064316781,6.193096,7.14588,"WP","WP","WP"
"273","AZd1",26,30,6.4404,0,0,0,0,1.674504,1.93212,"NP","NP","NP"
"274","AZa3",31,30,870.8164,69.3004,66.7504,66.6796,0.0795809541483141,269.953084,261.24492,"PP","PP","PP"
"275","AZi3",24,30,1936.2996,365.94,360.254,360.254,0.18898934854916,464.711904,580.88988,"MP","MP","MP"
"276","Dn1",28,30,17.0928,0.3348,0.2332,0.2332,0.0195871946082561,4.785984,5.12784,"PP","NP","NP"
"277","Dn3",28,30,139.9224,22.1668,18.6948,18.6948,0.15842209681938,39.178272,41.97672,"MP","PP","PP"
"278","Dg1",34,30,335.9332,335.9332,332.8976,332.8976,1,114.217288,100.77996,"WP","WP","WP"
"279","Dg10",34,30,2094.682,3.302,3.302,3.302,0.00157637292916061,712.19188,628.4046,"NP","NP","NP"
"280","Dg2",34,30,361.43,361.43,361.3932,361.3932,1,122.8862,108.429,"WP","WP","WP"
"281","Dg3",34,30,160.0684,160.0684,156.4688,156.4688,1,54.423256,48.02052,"WP","WP","WP"
"282","Dg4",34,30,107.7996,107.7996,107.1928,107.1928,1,36.651864,32.33988,"WP","WP","WP"
"283","Dg5",34,30,592.286,574.516,574.1648,574.1648,0.969997602509598,201.37724,177.6858,"WP","WP","WP"
"284","Dg6",34,30,8.2236,6.0884,5.9992,5.9992,0.740357021255898,2.796024,2.46708,"WP","WP","WP"
"285","Dg7",34,30,247.0048,1.6376,1.6156,1.6156,0.0066298306753553,83.981632,74.10144,"NP","NP","NP"
"286","Dg8",34,30,343.1992,2.5928,2.5928,2.5928,0.00755479616502603,116.687728,102.95976,"NP","NP","NP"
"287","Dg9",34,30,1217.99,33.1304,33.1296,33.1296,0.027200880138589,414.1166,365.397,"PP","PP","PP"
"288","Dn4",28,30,217.0148,6.3372,2.3644,2.3644,0.0292016949996037,60.764144,65.10444,"PP","NP","NP"
"289","Dn5",28,30,418.2756,49.9852,42.0028,42.0028,0.119503026234378,117.117168,125.48268,"PP","PP","PP"
"290","Dn2",36,30,1.5428,1.5084,1.01,1.01,0.977702877884366,0.555408,0.46284,"WP","WP","WP"
"291","FFq1",28,30,49.024,49.024,49.024,49.024,1,13.72672,14.7072,"WP","WP","WP"
"292","NKb1",21,30,4671.204,165.9076,165.7156,165.7,0.0355170958065629,980.95284,1401.3612,"PP","PP","PP"
"293","NKb2",21,30,607.488,161.7308,161.3732,161.3732,0.266228797935103,127.57248,182.2464,"WP","WP","WP"
"294","NKb5",21,30,8638.8324,11.7044,11.5396,11.5396,0.0013548590200685,1814.154804,2591.64972,"NP","NP","NP"
"295","SVk10",16,30,5838.9904,20.1184,20.1184,20.1184,0.00344552715825667,934.238464,1751.69712,"NP","NP","NP"
"296","SVk11",16,30,13897.364,240.9528,237.2832,237.2832,0.0173380218003932,2223.57824,4169.2092,"PP","PP","PP"
"297","SVk12",16,30,7452.5748,180.5512,178.6864,178.6864,0.024226687399367,1192.411968,2235.77244,"PP","PP","PP"
"298","SVk13",16,30,8517.6948,430.1076,428.0452,428.0452,0.0504957749836258,1362.831168,2555.30844,"PP","PP","PP"
"299","SVk14",16,30,929.224,0,0,0,0,148.67584,278.7672,"NP","NP","NP"
"300","SVk15",16,30,1620.8448,169.894,169.5656,169.5656,0.104818178767023,259.335168,486.25344,"MP","MP","MP"
"301","SVk16",16,30,7918.5928,1154.0584,1153.3284,1153.3284,0.145740339116819,1266.974848,2375.57784,"MP","MP","MP"
"302","SVk4",16,30,16649.7672,982.894,750.0788,749.9252,0.0590334980779791,2663.962752,4994.93016,"PP","PP","PP"
"303","SVk5",16,30,1457.8836,96.1376,95.4068,95.4068,0.0659432618626069,233.261376,437.36508,"PP","PP","PP"
"304","SVk6",16,30,5313.8536,70.4056,42.4764,42.4764,0.0132494429278217,850.216576,1594.15608,"PP","NP","NP"
"305","SVk7",16,30,13360.5836,30.9984,29.8712,29.8712,0.00232013817120983,2137.693376,4008.17508,"NP","NP","NP"
"306","SVk8",16,30,3363.508,0,0,0,0,538.16128,1009.0524,"NP","NP","NP"
"307","SVk9",16,30,5779.5996,20.0264,19.99,19.99,0.00346501511973252,924.735936,1733.87988,"NP","NP","NP"
"308","SVkd1",16,30,37066.8704,5788.256,5787.4956,5787.4956,0.156157127309027,5930.699264,11120.06112,"MP","MP","MP"
"309","SVkd2",16,30,2242.3736,850.0636,849.9576,849.9576,0.379090977524887,358.779776,672.71208,"WP","WP","WP"
"310","SVkd3",16,30,2898.6,1673.8492,1673.512,1673.512,0.57746815704133,463.776,869.58,"WP","WP","WP"
"311","SVkd4",16,30,762.4696,762.4436,762.2284,762.2284,0.999965900279827,121.995136,228.74088,"WP","WP","WP"
"312","SKs1",26,30,508.0212,2.2024,2.156,2.156,0.00433525215089449,132.085512,152.40636,"NP","NP","NP"
"313","SKs2",26,30,536.1004,0,0,0,0,139.386104,160.83012,"NP","NP","NP"
"314","SKs3",26,30,331.4,0,0,0,0,86.164,99.42,"NP","NP","NP"
"315","SKs4",26,30,449.044,0,0,0,0,116.75144,134.7132,"NP","NP","NP"
"316","SKr14",28,30,365.5632,0,0,0,0,102.357696,109.66896,"NP","NP","NP"
"317","SKn2",24,30,539.3324,0,0,0,0,129.439776,161.79972,"NP","NP","NP"
"318","SKs5",26,30,566.1096,0,0,0,0,147.188496,169.83288,"NP","NP","NP"
"319","SKs6",26,30,123.302,0,0,0,0,32.05852,36.9906,"NP","NP","NP"
"320","SKr1",28,30,1200.4012,860.1884,859.864,859.864,0.716584088719671,336.112336,360.12036,"WP","WP","WP"
"321","SKr10",28,30,127.5696,0,0,0,0,35.719488,38.27088,"NP","NP","NP"
"322","SKr11",28,30,129.2752,61.3284,61.002,61.002,0.474401896110004,36.197056,38.78256,"WP","WP","WP"
"323","SKr12",28,30,612.1464,0.0668,0.0652,0.0652,0.000109124222571594,171.400992,183.64392,"NP","NP","NP"
"324","SKr13",28,30,722.676,0.1452,0.1452,0.1452,0.00020091991431845,202.34928,216.8028,"NP","NP","NP"
"325","SKr15",28,30,241.7792,0,0,0,0,67.698176,72.53376,"NP","NP","NP"
"326","SKr16",28,30,432.8448,0,0,0,0,121.196544,129.85344,"NP","NP","NP"
"327","SKr17",28,30,260.7456,0,0,0,0,73.008768,78.22368,"NP","NP","NP"
"328","SKr18",34,30,817.7808,70.8404,70.788,70.788,0.0866251689939407,278.045472,245.33424,"PP","PP","PP"
"329","SKr19",18,30,371.9632,74.0144,73.9772,73.9772,0.198983125212387,66.953376,111.58896,"WP","WP","WP"
"330","SKr2",28,30,192.1136,47.7448,47.3088,47.3088,0.248523790090863,53.791808,57.63408,"MP","MP","MP"
"331","SKr3",28,30,170.7744,170.7744,170.7376,170.7376,1,47.816832,51.23232,"WP","WP","WP"
"332","SKr4",28,30,836.2248,137.0552,136.9984,136.9984,0.163897554820187,234.142944,250.86744,"MP","MP","MP"
"333","SKr5",28,30,18.3652,15.3936,15.3936,15.3936,0.838193975562477,5.142256,5.50956,"WP","WP","WP"
"334","SKr6",28,30,65.8728,65.8728,65.8232,65.8232,1,18.444384,19.76184,"WP","WP","WP"
"335","SKr7",28,30,327.1496,119.0316,118.9416,118.9416,0.363844553072967,91.601888,98.14488,"WP","WP","WP"
"336","SKr8",28,30,50.5576,50.5576,50.5104,50.5104,1,14.156128,15.16728,"WP","WP","WP"
"337","SKr9",34,30,3.2652,3.2652,3.2652,3.2652,1,1.110168,0.97956,"WP","WP","WP"
"338","SVcb11",24,30,3285.6364,299.0448,267.9868,265.858,0.0910157922526059,788.552736,985.69092,"PP","PP","PP"
"339","SVk1",16,30,15431.3308,15.4296,4.2996,4.2996,0.000999887838578381,2469.012928,4629.39924,"NP","NP","NP"
"340","SVk18",16,30,999.6036,0,0,0,0,159.936576,299.88108,"NP","NP","NP"
"341","SVk2",16,30,4206.5528,25.3444,22.1576,22.1576,0.00602498083466348,673.048448,1261.96584,"NP","NP","NP"
"342","SVk17",16,30,7235.3844,26.4168,24.1736,24.1736,0.00365105688095853,1157.661504,2170.61532,"NP","NP","NP"
"343","AZa5",31,30,3235.1676,479.7744,199.6604,199.376,0.14829970478191,1002.901956,970.55028,"PP","PP","PP"
"344","FOa1",36,30,132.5436,53.4188,50.2616,49.9864,0.40302813564744,47.715696,39.76308,"WP","WP","WP"
"345","FOz8",36,30,265.4912,111.778,108.9044,108.8944,0.421023371019454,95.576832,79.64736,"WP","WP","WP"
"346","FOz4",22,30,379.0448,216.9372,189.8448,182.8372,0.572326015288958,83.389856,113.71344,"WP","WP","WP"
"347","FOz9",36,30,68.7992,32.3496,32.3484,31.232,0.470203141896999,24.767712,20.63976,"WP","WP","WP"
"348","CB1",25,30,2355.7416,433.8392,363.4108,361.5228,0.184162473507281,588.9354,706.72248,"MP","MP","MP"
"349","Gd10",27,30,78.8828,55.1024,53.1668,53.1644,0.698535041859569,21.298356,23.66484,"WP","WP","WP"
"350","Gd5",27,30,1218.5104,486.216,478.8352,475.9492,0.399024907789051,328.997808,365.55312,"WP","WP","WP"
"351","Gd6",27,30,17.5824,13.5104,13.4884,13.1032,0.768404768404768,4.747248,5.27472,"WP","WP","WP"
"352","Gd7",27,30,1343.4028,1069.3428,1068.6548,1067.7696,0.795995661167298,362.718756,403.02084,"WP","WP","WP"
"353","Gh10",24,30,25965.724,415.7976,178.2516,178.054,0.0160133258752962,6231.77376,7789.7172,"PP","NP","NP"
"354","Gh11",24,30,923.5568,3.3916,3.3864,3.3864,0.00367232421438508,221.653632,277.06704,"NP","NP","NP"
"355","Gh12",24,30,329.4952,0.2512,0.2172,0.2172,0.000762378329031804,79.078848,98.84856,"NP","NP","NP"
"356","Gh15",24,30,8598.4796,660.7764,579.9928,576.3308,0.0768480511368545,2063.635104,2579.54388,"PP","PP","PP"
"357","Gh5",24,30,4949.5984,161.4116,72.5672,72.5356,0.0326110498176983,1187.903616,1484.87952,"PP","PP","PP"
"358","Gh6",24,30,16012.9004,503.6336,350.8104,349.4868,0.0314517412473258,3843.096096,4803.87012,"PP","PP","PP"
"359","Gh7",28,30,1571.9508,76.2432,67.8852,67.2444,0.0485022813691115,440.146224,471.58524,"PP","PP","PP"
"360","Gh8",28,30,80.4668,14.1976,12.4564,12.3872,0.176440469858376,22.530704,24.14004,"MP","MP","MP"
"361","Gh9",24,30,7074.3048,185.6532,168.4476,168.4476,0.0262433136892829,1697.833152,2122.29144,"PP","PP","PP"
"362","Gm10",24,30,1093.2008,80.1192,46.2268,45.8992,0.0732886401107646,262.368192,327.96024,"PP","PP","PP"
"363","Gm11",24,30,10508.8704,239.0444,183.178,181.9136,0.022746916738073,2522.128896,3152.66112,"PP","PP","PP"
"364","Gm12",24,30,12772.3408,707.9652,363.8236,359.004,0.0554295575952687,3065.361792,3831.70224,"PP","PP","PP"
"365","Gm13",27,30,3927.052,209.5532,147.0424,146.6404,0.0533614528149869,1060.30404,1178.1156,"PP","PP","PP"
"366","Gm14",27,30,3750.41,524.6272,478.9848,473.0368,0.139885292541349,1012.6107,1125.123,"MP","PP","PP"
"367","Gm15",24,30,4216.8496,339.544,215.03,209.428,0.0805207755097549,1012.043904,1265.05488,"PP","PP","PP"
"368","Gm16",24,30,6124.0568,157.2732,96.862,96.1108,0.0256812118398379,1469.773632,1837.21704,"PP","PP","PP"
"369","Gm17",27,30,1087.416,635.7056,473.8984,467.2928,0.584602029030288,293.60232,326.2248,"WP","WP","WP"
"370","Gm19",24,30,1380.852,18.4548,12.6732,12.6672,0.0133647921717896,331.40448,414.2556,"PP","NP","NP"
"371","Gm20",24,30,20.3384,0,0,0,0,4.881216,6.10152,"NP","NP","NP"
"372","Gm21",24,30,1551.0772,195.284,167.0936,166.2564,0.125902179465987,372.258528,465.32316,"MP","PP","PP"
"373","Gm22",27,30,939.1744,34.0816,28.2592,24.1892,0.0362888937347526,253.577088,281.75232,"PP","PP","PP"
"374","Gm23",27,30,1373.9432,372.0572,333.2668,323.1276,0.270795182799405,370.964664,412.18296,"WP","MP","MP"
"375","Gm24",27,30,10.0012,7.566,7.3124,7.1668,0.756509218893733,2.700324,3.00036,"WP","WP","WP"
"376","Gm25",27,30,430.6344,18.1104,11.0128,11.0084,0.0420551632661023,116.271288,129.19032,"PP","PP","PP"
"377","Gm26",27,30,260.5796,116.11,114.3456,113.41,0.445583614373497,70.356492,78.17388,"WP","WP","WP"
"378","Gm27",24,30,268.0664,73.058,71.6392,70.432,0.272536953530916,64.335936,80.41992,"WP","WP","WP"
"379","Gm28",24,30,93.8756,28.752,28.2948,27.834,0.306277669596785,22.530144,28.16268,"WP","WP","WP"
"380","Gm29",24,30,523.222,137.6028,136.7704,136.7704,0.262991235078036,125.57328,156.9666,"WP","WP","WP"
"381","Gm3",24,30,14029.2096,262.352,127.4596,125.246,0.0187004120317655,3367.010304,4208.76288,"PP","NP","NP"
"382","Gm30",24,30,3858.6324,373.1628,297.4932,295.2156,0.0967085644126142,926.071776,1157.58972,"PP","PP","PP"
"383","Gm31",24,30,1048.1812,436.8036,348.6736,346.2276,0.416725276125922,251.563488,314.45436,"WP","WP","WP"
"384","Gm4",24,30,11278.5632,898.9676,586.9992,581.1792,0.0797058618246693,2706.855168,3383.56896,"PP","PP","PP"
"385","Gm6",24,30,9891.6532,142.062,39.0864,39.0508,0.0143618055675466,2373.996768,2967.49596,"PP","NP","NP"
"386","Gm7",28,30,30.0484,0.49,0.45,0.45,0.0163070246668708,8.413552,9.01452,"PP","PP","PP"
"387","Gm8",24,30,14492.9396,264.3372,125.5064,125.2452,0.0182390327494361,3478.305504,4347.88188,"PP","NP","NP"
"388","Gm9",24,30,1313.2256,104.3944,58.3808,58.2284,0.0794946428092782,315.174144,393.96768,"PP","PP","PP"
"389","Gs1",23,30,539.2132,18.0424,17.72,17.6824,0.0334606051928996,124.019036,161.76396,"PP","PP","PP"
"390","Gs2",27,30,1058.0116,216.9692,203.1584,203.1584,0.205072609789912,285.663132,317.40348,"MP","MP","MP"
"391","Gs3",23,30,1742.278,179.1344,166.1932,158.7008,0.102816198103862,400.72394,522.6834,"PP","PP","PP"
"392","Gs4",24,30,7440.426,272.8984,181.4532,178.0356,0.0366777923737162,1785.70224,2232.1278,"PP","PP","PP"
"393","Gs7",23,30,4653.6068,16.95,12.1508,12.1508,0.00364233609079306,1070.329564,1396.08204,"NP","NP","NP"
"394","Gs8",23,30,2862.4156,181.0776,132.58,132.1116,0.0632604154337337,658.355588,858.72468,"PP","PP","PP"
"395","CB2",25,30,1122.15,222.344,186.8424,186.7568,0.198141068484605,280.5375,336.645,"MP","MP","MP"
"396","SVcb1",19,30,6651.4568,1280.0156,1116.6516,1116.6516,0.192441391185161,1263.776792,1995.43704,"WP","MP","MP"
"397","SVcb10",24,30,1442.1488,79.2656,68.1896,67.9888,0.0549635377431233,346.115712,432.64464,"PP","PP","PP"
"398","SVcb12",19,30,17384.092,1499.8948,1193.7468,1193.7424,0.0862797320676858,3302.97748,5215.2276,"PP","PP","PP"
"399","SVcb13",24,30,2066.3028,427.3144,396.8984,396.7636,0.206801442654,495.912672,619.89084,"MP","MP","MP"
"400","SVcb14",19,30,759.892,95.95,64.1276,64.1276,0.126267943339317,144.37948,227.9676,"MP","PP","PP"
"401","SVcb15",19,30,7198.2152,546.6728,395.1656,395.1656,0.0759456038491319,1367.660888,2159.46456,"PP","PP","PP"
"402","SVcb16",19,30,12078.146,1715.886,1571.4564,1571.4564,0.142065346784184,2294.84774,3623.4438,"MP","MP","MP"
"403","SVcb17",24,30,8901.2312,1860.6164,1792.5144,1792.0208,0.209029105996033,2136.295488,2670.36936,"MP","MP","MP"
"404","SVcb18",19,30,6496.36,708.1908,633.6272,633.6272,0.109013478317088,1234.3084,1948.908,"MP","MP","MP"
"405","SVcb19",19,30,12021.6592,1130.736,1048.3356,1048.3356,0.094058231163299,2284.115248,3606.49776,"PP","PP","PP"
"406","SVcb2",19,30,1107.4924,279.8092,277.8712,277.8712,0.252651124287625,210.423556,332.24772,"WP","WP","WP"
"407","SVcb20",19,30,10110.8896,495.72,348.674,348.4964,0.0490283268447516,1921.069024,3033.26688,"PP","PP","PP"
"408","SVcb21",24,30,4147.7392,769.786,647.086,587.7144,0.185591707405326,995.457408,1244.32176,"MP","MP","MP"
"409","SVcb22",36,30,0.602,0.602,0.5316,0.4716,1,0.21672,0.1806,"WP","WP","WP"
"410","SVcb23",19,30,4445.3284,149.934,125.7104,121.928,0.0337284417502203,844.612396,1333.59852,"PP","PP","PP"
"411","SVcb24",24,30,666.91,83.258,74.4736,74.4736,0.124841432877,160.0584,200.073,"MP","PP","PP"
"412","SVcb25",24,30,891.324,144.6168,141.3864,141.2584,0.162249417720156,213.91776,267.3972,"MP","MP","MP"
"413","SVcb26",24,30,2000.0168,271.8056,262.9276,261.108,0.135901658426069,480.004032,600.00504,"MP","MP","MP"
"414","SVcb27",19,30,2522.834,52.02,40.026,40.026,0.0206196681985418,479.33846,756.8502,"PP","PP","PP"
"415","SVcb28",24,30,2316.1448,260.8492,238.6696,238.5672,0.112622146940036,555.874752,694.84344,"PP","PP","PP"
"416","SVcb6",19,30,2285.098,75.0208,41.394,41.394,0.0328304519105964,434.16862,685.5294,"PP","PP","PP"
"417","SVcb7",24,30,491.3284,10.3584,9.46,9.46,0.0210824369199908,117.918816,147.39852,"PP","PP","PP"
"418","SVcb8",19,30,1833.3936,87.7784,36.1608,36.15,0.0478775534069716,348.344784,550.01808,"PP","PP","PP"
"419","SVcb9",24,30,3104.532,466.3652,443.0276,439.006,0.150220774016824,745.08768,931.3596,"MP","MP","MP"
"420","SVl1",19,30,2090.6908,980.7336,831.0872,823.4916,0.46909547791572,397.231252,627.20724,"WP","WP","WP"
"421","SVl10",19,30,942.7836,406.4452,387.29,387.0968,0.431111869150036,179.128884,282.83508,"WP","WP","WP"
"422","SVl11",24,30,630.6152,496.1364,493.128,493.128,0.786749827787215,151.347648,189.18456,"WP","WP","WP"
"423","SVl12",24,30,464.2436,105.2928,101.7064,101.7064,0.226805065271767,111.418464,139.27308,"MP","MP","MP"
"424","SVl13",24,30,109.4832,32.476,27.5328,26.6508,0.296629985239744,26.275968,32.84496,"WP","WP","WP"
"425","SVl14",19,30,1381.2076,575.028,471.6164,468.9556,0.416322644039897,262.429444,414.36228,"WP","WP","WP"
"426","SVl15",24,30,1345.808,1330.9564,1329.1212,1329.1212,0.988964547691796,322.99392,403.7424,"WP","WP","WP"
"427","SVl16",24,30,1303.518,185.246,178.1616,172.474,0.142112345207354,312.84432,391.0554,"MP","MP","MP"
"428","SVl17",24,30,127.574,1.7092,0.886,0.886,0.0133977142677975,30.61776,38.2722,"PP","NP","NP"
"429","SVl18",19,30,1124.394,220.7564,207.4408,207.412,0.196333669514423,213.63486,337.3182,"WP","MP","MP"
"430","SVl19",19,30,152.9456,29.754,29.0792,28.9068,0.194539757927001,29.059664,45.88368,"WP","WP","MP"
"431","SVl2",19,30,183.8536,181.9316,181.9064,181.9064,0.989546030102212,34.932184,55.15608,"WP","WP","WP"
"432","SVl20",19,30,1645.1236,353.9092,227.0668,219.6624,0.215126206930592,312.573484,493.53708,"WP","MP","MP"
"433","SVl21",19,30,335.0944,138.6872,136.374,134.8688,0.413875015518015,63.667936,100.52832,"WP","WP","WP"
"434","SVl22",19,30,4770.6844,563.6216,519.8688,512.878,0.118142713443799,906.430036,1431.20532,"MP","MP","MP"
"435","SVl23",19,30,7094.574,1573.024,1477.4416,1456.444,0.221722121722883,1347.96906,2128.3722,"WP","WP","WP"
"436","SVl24",19,30,694.624,0,0,0,0,131.97856,208.3872,"NP","NP","NP"
"437","SVl25",25,30,660.6212,134.062,114.0636,114.0628,0.202933239199711,165.1553,198.18636,"MP","MP","MP"
"438","SVl26",25,30,703.61,48.55,46.7884,46.7884,0.0690012933301118,175.9025,211.083,"PP","PP","PP"
"439","SVl27",24,30,539.908,107.8216,92.7252,89.7,0.199703653214992,129.57792,161.9724,"MP","MP","MP"
"440","SVl3",19,30,15822.7516,6303.2856,6229.9996,6229.5724,0.398368486047648,3006.322804,4746.82548,"WP","WP","WP"
"441","SVl4",19,30,786.1288,486.0096,485.1976,485.1976,0.61823151626044,149.364472,235.83864,"WP","WP","WP"
"442","SVl5",19,30,2855.0596,2254.9828,2249.0444,2249.0444,0.789819869259472,542.461324,856.51788,"WP","WP","WP"
"443","SVl6",19,30,760.2468,760.034,757.4888,757.454,0.999720090896798,144.446892,228.07404,"WP","WP","WP"
"444","SVl7",19,30,323.4536,22.8992,22.6952,22.6952,0.0707959348728844,61.456184,97.03608,"PP","PP","PP"
"445","SVl8",19,30,3399.5656,147.9504,109.2308,104.5992,0.0435203838984604,645.917464,1019.86968,"PP","PP","PP"
"446","SVl9",19,30,3562.4732,218.806,111.5612,98.7896,0.0614196901186513,676.869908,1068.74196,"PP","PP","PP"
"447","SVmp1",19,30,8797.3088,1095.156,1029.6148,1029.6128,0.124487616030939,1671.488672,2639.19264,"MP","MP","MP"
"448","SVmp2",19,30,2785.7408,835.5156,827.9612,827.9364,0.299925822244482,529.290752,835.72224,"WP","WP","WP"
"449","SVmp3",19,30,277.0592,277.0536,276.8724,276.83,0.99997978771324,52.641248,83.11776,"WP","WP","WP"
"450","SVmp4",19,30,2805.3784,2798.3128,2793.1508,2793.1508,0.997481409281543,533.021896,841.61352,"WP","WP","WP"
"451","SVmp5",19,30,5317.0804,3735.904,3724.0572,3724.0572,0.702623191479294,1010.245276,1595.12412,"WP","WP","WP"
"452","SVmp6",19,30,3154.1124,1185.3232,1181.2848,1181.2848,0.375802460305473,599.281356,946.23372,"WP","WP","WP"
"453","SVmp7",19,30,2225.5536,1438.9028,1430.9208,1430.9208,0.646537023417455,422.855184,667.66608,"WP","WP","WP"
"454","SVmp8",19,30,310.438,310.438,310.2836,310.2836,1,58.98322,93.1314,"WP","WP","WP"
"455","SVs1",25,30,2706.5924,12.6572,11.5064,11.4856,0.00467643373268912,676.6481,811.97772,"NP","NP","NP"
"456","SVs2",25,30,2215.6012,66.5624,57.2596,57.1996,0.0300425906972789,553.9003,664.68036,"PP","PP","PP"
"457","SVs3",25,30,1533.5048,36.6192,23.6392,22.8052,0.0238794166148029,383.3762,460.05144,"PP","PP","PP"
"458","SVcb29",19,30,388.1768,97.9996,96.5044,96.5044,0.252461249616154,73.753592,116.45304,"WP","WP","WP"
"459","SVcb4",24,30,4122.4704,295.7732,276.6152,276.2148,0.0717465915583045,989.392896,1236.74112,"PP","PP","PP"
"460","Gh13",24,30,3766.2224,56.1984,54.3676,54.3676,0.0149216891705599,903.893376,1129.86672,"PP","PP","PP"
"461","SVcb5",24,30,367.1036,347.3172,342.6632,342.6632,0.946101318537873,88.104864,110.13108,"WP","WP","WP"
"462","Gh14",24,30,9187.4096,76.26,58.5316,58.53,0.00830048983556802,2204.978304,2756.22288,"NP","NP","NP"
"463","SVcb3",19,30,1332.022,33.6308,18.9156,18.7072,0.0252479313404734,253.08418,399.6066,"PP","PP","PP"
"464","Gm2",28,30,720.6988,0,0,0,0,201.795664,216.20964,"NP","NP","NP"
"465","SVk3",16,30,1366.9324,27.4284,12.2484,12.2484,0.0200656594283668,218.709184,410.07972,"PP","PP","PP"
