"","T_MAPCODE","BIOME","T_CNSRV_TRGT","type_tot_km2","gbf_tar_km2","sa_tar_km2","panat1990","panat2000","panat2010","panat2015","panat2018","panat2020","panat2022","panat2023","prop_panat_2018","prop_panat_2023","epl_2018","epl_2023"
"1","AT15","Albany Thicket",19,14.6008,4.38024,2.774152,0.2768,0.2768,0.2768,0.2768,0.276,0.276,0.276,0.276,0.0189030738041751,0.0189030738041751,"PP","PP"
"2","AT16","Albany Thicket",19,53.7692,16.13076,10.216148,0.9344,0.9344,0.9344,0.9344,2.6864,2.6836,2.6836,2.6836,0.0499616881039703,0.0499096136821824,"PP","PP"
"3","AT17","Albany Thicket",19,729.2028,218.76084,138.548532,44.678,44.678,44.5772,44.5772,124.954,124.8904,124.8788,124.8788,0.171356994240834,0.171253867922614,"MP","MP"
"4","AT18","Albany Thicket",19,1175.6312,352.68936,223.369928,56.4076,57.3164,56.9308,56.9308,175.3712,175.2996,175.278,175.278,0.149171951203745,0.149092674641503,"MP","MP"
"5","AT19","Albany Thicket",19,1077.8672,323.36016,204.794768,143.9756,278.2384,329.4728,350.9432,369.5808,369.4436,369.4044,369.4044,0.342881572052661,0.342717915527998,"WP","WP"
"6","AT20","Albany Thicket",19,35.5164,10.65492,6.748116,0.3044,0.3044,0.3044,0.3044,0.2924,0.2924,0.2924,0.2924,0.00823281638904844,0.00823281638904844,"NP","NP"
"7","AT21","Albany Thicket",19,386.3068,115.89204,73.398292,8.0328,8.0332,8.018,8.018,7.9676,9.514,9.5092,9.5092,0.0206250575967081,0.0246156681684091,"PP","PP"
"8","AT22","Albany Thicket",19,215.488,64.6464,40.94272,0.0028,0.0028,0.0028,0.0028,0.0028,0.0028,0.0028,0.0028,1.2993762993763e-05,1.2993762993763e-05,"NP","NP"
"9","AT23","Albany Thicket",19,311.1928,93.35784,59.126632,32.12,32.12,32.12,32.12,54.1,54.0848,54.0752,54.0752,0.173847209832618,0.173767516472103,"MP","MP"
"10","AT24","Albany Thicket",19,2976.1348,892.84044,565.465612,87.1684,87.1684,87.0584,87.0584,86.8372,86.8168,86.8108,86.8108,0.0291778450357827,0.0291689744698392,"PP","PP"
"11","AT25","Albany Thicket",19,2128.9656,638.68968,404.503464,4.2884,4.2884,4.2884,7.3268,284.3148,284.2784,284.1652,284.1652,0.133545981203266,0.133475712336545,"MP","MP"
"12","AT26","Albany Thicket",19,40.4824,12.14472,7.691656,0.6724,0.6724,0.6468,0.6468,0.6348,1.0064,1.0064,1.0064,0.0156808884848724,0.024860186154971,"PP","PP"
"13","AT27","Albany Thicket",19,1239.9792,371.99376,235.596048,120.774,120.774,126.3704,126.3704,399.098,399.028,398.9264,398.9264,0.321858624725318,0.321720235307173,"WP","WP"
"14","AT28","Albany Thicket",19,1030.5104,309.15312,195.796976,40.5908,40.5908,40.5372,59.5248,74.8336,74.822,74.8196,74.8196,0.072617995897955,0.0726044103970227,"PP","PP"
"15","AT29","Albany Thicket",19,784.614,235.3842,149.07666,7.3476,7.3476,8.5212,8.5212,615.036,614.9452,614.764,614.764,0.783870795066109,0.783524127787677,"WP","WP"
"16","AT30","Albany Thicket",19,674.0584,202.21752,128.071096,27.5948,27.5948,27.5948,27.5948,134.5416,134.476,134.4504,134.4504,0.19959932255128,0.199464022701891,"WP","WP"
"17","AT31","Albany Thicket",19,240.8016,72.24048,45.752304,6.5236,6.5236,6.5236,6.5236,6.5228,6.5228,6.5228,6.5228,0.0270878598813297,0.0270878598813297,"PP","PP"
"18","AT32","Albany Thicket",19,3596.184,1078.8552,683.27496,188.0888,188.0888,188.0292,220.4752,511.3924,511.2804,511.228,511.228,0.142204180876173,0.142158465751474,"MP","MP"
"19","AT33","Albany Thicket",19,491.8056,147.54168,93.443064,0.1168,18.0024,21.9164,21.9164,21.8576,21.8336,21.8084,21.8084,0.0444435768929837,0.0443435373651703,"PP","PP"
"20","AT34","Albany Thicket",19,167.5268,50.25804,31.830092,0,0,0,0,0,0,0,0,0,0,"NP","NP"
"21","AT35","Albany Thicket",19,30.1476,9.04428,5.728044,0,0,0,0,6.0456,6.0284,6.028,6.028,0.200533375791108,0.19994958139288,"WP","WP"
"22","AT36","Albany Thicket",19,51.4116,15.42348,9.768204,25.982,27.6108,26.8216,26.8216,25.2856,25.1896,25.1096,25.1096,0.491826747271044,0.488403395342685,"WP","WP"
"23","AT37","Albany Thicket",19,176.6464,52.99392,33.562816,1.438,1.5164,1.6192,1.6192,1.58,1.5752,1.5748,1.5748,0.00894442230353973,0.00891498496431289,"NP","NP"
"24","AT38","Albany Thicket",19,1290.854,387.2562,245.26226,7.1032,7.1032,6.9616,6.9616,140.8912,140.7416,140.4672,140.4672,0.109145728331787,0.108817263609982,"MP","MP"
"25","AT39","Albany Thicket",19,245.8596,73.75788,46.713324,21.5072,21.5072,21.2264,21.2264,21.0452,21.04,21.0384,21.0384,0.0855984472438742,0.0855707891821186,"PP","PP"
"26","AT40","Albany Thicket",19,596.3172,178.89516,113.300268,5.3468,16.3364,13.5596,13.5596,13.3652,13.3496,13.3424,13.3424,0.0224129037364678,0.0223746690519743,"PP","PP"
"27","AT41","Albany Thicket",19,307.5216,92.25648,58.429104,42.0532,42.0532,41.6696,41.6696,50.2212,50.2344,50.2292,50.2292,0.163309504112882,0.163335518545689,"MP","MP"
"28","AT42","Albany Thicket",19,59.8564,17.95692,11.372716,0,0,0,0,0,0,0,0,0,0,"NP","NP"
"29","AT43","Albany Thicket",19,286.2032,85.86096,54.378608,1.2416,1.2416,1.27,1.27,1.2692,1.2692,1.2692,1.2692,0.0044346114928135,0.0044346114928135,"NP","NP"
"30","AT44","Albany Thicket",19,163.4576,49.03728,31.056944,0,0.0368,0.0368,0.0368,0.0368,0.0368,0.0308,0.0308,0.000225134836189935,0.000188428069419837,"NP","NP"
"31","AT45","Albany Thicket",19,697.0252,209.10756,132.434788,12.2304,12.2304,12.104,12.104,114.164,114.0044,113.978,113.978,0.163787478558881,0.163520630244072,"MP","MP"
"32","AT46","Albany Thicket",19,571.8576,171.55728,108.652944,15.516,56.5848,132.7808,132.8436,132.5896,154.6128,154.5432,154.5432,0.231857721222906,0.27024769802832,"WP","WP"
"33","AT47","Albany Thicket",19,910.5756,273.17268,173.009364,32.9688,32.9688,32.9592,32.9592,39.7764,39.7392,39.6988,39.6988,0.0436826991630349,0.0435974783422705,"PP","PP"
"34","AT48","Albany Thicket",19,20.3768,6.11304,3.871592,0,0,0,0,0,0,0,0,0,0,"NP","NP"
"35","AT49","Albany Thicket",19,5647.1168,1694.13504,1072.952192,386.972,387.4776,396.3972,862.6256,1056.4228,1055.2396,1054.6352,1054.6352,0.187072950217711,0.186756399300967,"MP","MP"
"36","AT50","Albany Thicket",19,577.5424,173.26272,109.733056,207.676,208.5392,208.7052,209.3236,209.522,209.4748,209.4652,209.4652,0.36278202258397,0.362683674826299,"WP","WP"
"37","AT51","Albany Thicket",19,1963.4028,589.02084,373.046532,176.5016,216.5012,215.1908,215.1908,214.5608,214.7264,214.6088,214.6088,0.109280072331566,0.109304519683888,"MP","MP"
"38","AT52","Albany Thicket",19,43.5968,13.07904,8.283392,0,0,0,0,4.1212,4.1208,4.12,4.12,0.094529873752202,0.0945023487962419,"PP","PP"
"39","AT53","Albany Thicket",19,27.1028,8.13084,5.149532,3.7128,3.7128,3.7096,3.7096,3.7072,9.4728,9.4188,9.4188,0.136782915418333,0.347521289313281,"MP","WP"
"40","AT54","Albany Thicket",19,187.7204,56.31612,35.666876,105.718,105.8636,109.128,109.128,109.1112,109.1056,109.1052,109.1052,0.581243168030752,0.581211205601522,"WP","WP"
"41","AT55","Albany Thicket",19,760.3872,228.11616,144.473568,26.2932,29.7992,50.0196,50.0664,49.898,60.1248,60.0784,60.0784,0.0656218305621136,0.0790102726610864,"PP","PP"
"42","AT56","Albany Thicket",19,701.6176,210.48528,133.307344,13.2056,13.2896,13.2316,13.2788,13.162,14.2428,14.2424,14.2424,0.0187595066030271,0.020299376754517,"PP","PP"
"43","AT57","Albany Thicket",19,137.0648,41.11944,26.042312,2.4052,3.1676,3.1016,3.1016,3.08,3.9368,3.9352,3.9352,0.0224711231475915,0.02871050773065,"PP","PP"
"44","AT58","Albany Thicket",19,2252.3448,675.70344,427.945512,2.074,2.146,2.7728,2.7728,2.772,2.772,2.772,2.772,0.00123071742834401,0.00123071742834401,"NP","NP"
"45","AZa1","Azonal",31,18.7044,5.61132,5.798364,17.5704,17.5704,17.5684,17.5684,17.5356,17.5188,17.5148,17.5148,0.937512029255149,0.936399991445863,"WP","WP"
"46","AZa2","Azonal",31,350.796,105.2388,108.74676,3.4036,4.9012,4.826,5.0104,4.9068,4.89,4.8836,4.8836,0.0139876167345124,0.0139214814308031,"NP","NP"
"47","AZa3","Azonal",31,870.8164,261.24492,269.953084,12.7292,62.6108,65.9744,65.9744,67.3808,67.3188,66.7504,66.7504,0.0773765859255751,0.0766526675427794,"PP","PP"
"48","AZa4","Azonal",31,1787.3464,536.20392,554.077384,40.2312,53.8396,54.8028,54.8028,53.912,53.7516,53.2596,53.2596,0.0301631513622653,0.0297981409759183,"PP","PP"
"49","AZa5","Azonal",31,3235.1676,970.55028,1002.901956,143.6604,207.8096,209.31,209.31,203.656,202.984,199.6604,199.6604,0.0629506798967695,0.0617156279631386,"PP","PP"
"50","AZa6","Azonal",31,653.4064,196.02192,202.555984,14.3388,28.4812,35.814,39.2648,39.0852,38.9548,38.9408,38.9408,0.0598175959096819,0.0595966002169553,"PP","PP"
"51","AZa7","Azonal",31,1286.1356,385.84068,398.702036,325.2676,542.3832,560.7148,560.7148,559.23,555.1936,551.2388,551.2388,0.434814182890202,0.428600841155474,"WP","WP"
"52","AZd1","Azonal",26,6.4404,1.93212,1.674504,0,0,0,0,0,0,0,0,0,0,"NP","NP"
"53","AZd2","Azonal",26,13.216,3.9648,3.43616,0.0012,0.0012,1.0888,1.0888,1.0884,1.568,1.5672,1.5672,0.0823547215496368,0.118583535108959,"PP","PP"
"54","AZd3","Azonal",20,220.2732,66.08196,44.05464,131.148,132.9332,133.656,133.656,135.5416,136.354,136.2604,136.2604,0.61533404880848,0.618597269209327,"WP","WP"
"55","AZd4","Azonal",20,28.082,8.4246,5.6164,3.978,16.134,16.092,16.1184,16.1064,15.9796,15.9772,15.9772,0.573548892529022,0.568948080621038,"WP","WP"
"56","AZi1","Azonal",24,1363.9048,409.17144,327.337152,0.5808,0.5808,61.9968,109.8332,109.438,109.3972,109.3768,109.3768,0.0802387380702817,0.0801938669033205,"PP","PP"
"57","AZi3","Azonal",24,1936.2996,580.88988,464.711904,362.8224,362.8224,362.8164,362.8164,361.6028,360.3544,360.254,360.254,0.186749405928711,0.186052819512022,"MP","MP"
"58","AZi5","Azonal",24,5176.9952,1553.09856,1242.478848,0,0,0,0,0,89.1572,89.1472,89.1472,0,0.0172198730259592,"NP","PP"
"59","AZi6","Azonal",24,5302.936,1590.8808,1272.70464,50.1576,71.8848,84.3028,93.042,557.0132,556.1344,555.2004,555.2004,0.105038642744321,0.104696794379566,"PP","PP"
"60","AZi7","Azonal",19,2130.1056,639.03168,404.720064,351.0812,392.2568,403.8724,403.8724,401.3156,401.1496,400.93,400.93,0.188401739331609,0.188220715442464,"MP","MP"
"61","AZi8","Azonal",16,407.1792,122.15376,65.148672,2.8048,1.2692,1.1,1.3184,1.2044,1.3556,1.7856,1.7856,0.00295791140608361,0.00438529276544578,"NP","NP"
"62","AZs3","Azonal",20,12.9664,3.88992,2.59328,8.4884,10.8532,10.8372,10.8372,10.8268,10.8264,10.8256,10.8256,0.834988894373149,0.834896347482725,"WP","WP"
"63","CB1","IOCB",25,2355.7416,706.72248,588.9354,30.536,369.9988,367.3284,367.3284,365.2036,365.068,363.4108,363.4108,0.155027019941406,0.154265985709129,"MP","MP"
"64","CB2","IOCB",25,1122.15,336.645,280.5375,2.2828,187.306,187.1412,187.1412,186.9132,186.8908,186.8424,186.8424,0.166567036492448,0.166503943323085,"MP","MP"
"65","CB3","IOCB",25,4141.8068,1242.54204,1035.4517,26.21,36.9916,36.5208,36.6864,38.6772,40.5408,40.8248,40.8248,0.00933824339657755,0.00985676106379467,"NP","NP"
"66","CB4","IOCB",25,1299.9024,389.97072,324.9756,90.9324,90.9324,90.5864,92.1636,91.6344,91.5836,92.106,92.106,0.0704932924194924,0.0708560888879042,"PP","PP"
"67","CB5","IOCB",25,1650.386,495.1158,412.5965,22.3636,23.6176,23.4812,23.4812,23.38,23.3744,23.374,23.374,0.0141663828946683,0.0141627473815217,"PP","PP"
"68","CB6","IOCB",25,1121.1792,336.35376,280.2948,5.9508,5.9508,5.998,5.998,6.7,6.7,6.6968,6.6968,0.00597585113958589,0.00597299700172818,"NP","NP"
"69","Dg1","Desert",34,335.9332,100.77996,114.217288,0,335.6452,335.6452,335.6452,333.036,333.016,332.8976,332.8976,0.991375666352715,0.990963679683937,"WP","WP"
"70","Dg10","Desert",34,2094.682,628.4046,712.19188,0,0,0,0,0,3.302,3.302,3.302,0,0.00157637292916061,"NP","NP"
"71","Dg2","Desert",34,361.43,108.429,122.8862,0,361.4276,361.4276,361.4276,361.418,361.398,361.3932,361.3932,0.999966798550203,0.999898182220624,"WP","WP"
"72","Dg3","Desert",34,160.0684,48.02052,54.423256,0,159.6936,159.6936,159.6936,156.5212,156.5132,156.4688,156.4688,0.977839473625025,0.977512113571448,"WP","WP"
"73","Dg4","Desert",34,107.7996,32.33988,36.651864,0,107.52,107.5172,107.5172,107.2488,107.242,107.1928,107.1928,0.994890519074282,0.994371036627223,"WP","WP"
"74","Dg5","Desert",34,592.286,177.6858,201.37724,0,128.1884,574.516,574.516,574.246,574.1828,574.1648,574.1648,0.969541741658591,0.969404645728584,"WP","WP"
"75","Dg6","Desert",34,8.2236,2.46708,2.796024,0,6.0884,6.0884,6.0884,5.9992,5.9992,5.9992,5.9992,0.729510190184348,0.729510190184348,"WP","WP"
"76","Dg7","Desert",34,247.0048,74.10144,83.981632,0,1.6376,1.6376,1.6376,1.6164,1.6156,1.6156,1.6156,0.00654400238375934,0.00654076358030289,"NP","NP"
"77","Dg8","Desert",34,343.1992,102.95976,116.687728,0,2.5928,2.5928,2.5928,2.5928,2.5928,2.5928,2.5928,0.00755479616502603,0.00755479616502603,"NP","NP"
"78","Dg9","Desert",34,1217.99,365.397,414.1166,0,0,0,0,0,33.1296,33.1296,33.1296,0,0.0272002233187465,"NP","PP"
"79","Dn1","Desert",28,17.0928,5.12784,4.785984,0,0,0,0,0.2352,0.234,0.2332,0.2332,0.0137601797247964,0.0136431713938032,"NP","NP"
"80","Dn2","Desert",36,1.5428,0.46284,0.555408,0,0,0,0,1.0276,1.0224,1.01,1.01,0.666061705989111,0.654653876069484,"WP","WP"
"81","Dn3","Desert",28,139.9224,41.97672,39.178272,0,0,0,0,18.8424,18.8392,18.6948,18.6948,0.134663213323957,0.13360834291007,"PP","PP"
"82","Dn4","Desert",28,217.0148,65.10444,60.764144,0,0,0.4384,0.4384,2.4248,2.418,2.3644,2.3644,0.0111734314894652,0.0108951094579724,"NP","NP"
"83","Dn5","Desert",28,418.2756,125.48268,117.117168,0,44.0556,43.856,43.856,42.25,42.24,42.0028,42.0028,0.101009956115059,0.100418958217979,"PP","PP"
"84","FFa1","Fynbos",29,180.0652,54.01956,52.218908,1.2664,1.2664,1.1576,13.5872,12.3248,12.1976,12.1892,12.1892,0.0684463183335814,0.0676932577755169,"PP","PP"
"85","FFa2","Fynbos",30,501.6496,150.49488,150.49488,14.5088,14.5088,15.1432,18.1648,17.4932,17.4592,17.4168,17.4168,0.0348713524340496,0.0347190548940934,"PP","PP"
"86","FFa3","Fynbos",30,477.154,143.1462,143.1462,6.5104,6.5104,40.3876,40.3876,40.0052,39.978,39.976,39.976,0.0838412755630258,0.0837800793873676,"PP","PP"
"87","FFa4","Fynbos",30,35.8392,10.75176,10.75176,0.0812,3.45,2.662,2.662,2.0092,1.9732,1.9672,1.9672,0.05606151923034,0.054889618071832,"PP","PP"
"88","FFb1","Fynbos",29,279.0688,83.72064,80.929952,201.36,199.8896,205.716,209.9784,209.4236,209.2796,209.2416,209.2416,0.750437168182183,0.749784999254664,"WP","WP"
"89","FFb2","Fynbos",30,134.5308,40.35924,40.35924,63.0864,63.2808,96.8108,96.8108,96.9176,97.1436,97.4288,97.4288,0.720411980007552,0.724211853345108,"WP","WP"
"90","FFb3","Fynbos",27,97.8776,29.36328,26.426952,37.0172,44.5468,89.5984,90.2636,90.202,90.1816,90.1688,90.1688,0.921579605548154,0.921240406385118,"WP","WP"
"91","FFb4","Fynbos",27,61.9624,18.58872,16.729848,44.01,44.01,43.0412,43.4156,43.3796,43.3708,43.55,43.55,0.700095541812454,0.702845596684441,"WP","WP"
"92","FFb5","Fynbos",27,108.3896,32.51688,29.265192,0,40.3676,43.852,45.2768,46.2156,46.2096,46.2088,46.2088,0.426384081129555,0.426321344483234,"WP","WP"
"93","FFb6","Fynbos",27,78.0444,23.41332,21.071988,7.0284,7.0284,6.974,6.974,6.9296,6.9252,6.9244,6.9244,0.0887904833658789,0.0887238546263409,"PP","PP"
"94","FFc1","Fynbos",30,869.1648,260.74944,260.74944,36.5796,37.5068,39.4504,41.3644,40.6748,40.6076,40.9432,40.9432,0.0467975693447319,0.0471063715419677,"PP","PP"
"95","FFd1","Fynbos",29,1300.9768,390.29304,377.283272,0,0,100.8832,100.8832,104.0876,104.086,104.08,104.08,0.0800072683848013,0.0800014266203671,"PP","PP"
"96","FFd10","Fynbos",23,151.6788,45.50364,34.886124,23.4688,23.4844,21.536,21.7476,19.83,19.7004,19.1852,19.1852,0.130736793803748,0.126485705319399,"MP","MP"
"97","FFd11","Fynbos",36,76.61,22.983,27.5796,1.718,2.3596,2.272,2.272,1.9536,1.944,1.9408,1.9408,0.0255005873906801,0.0253335073750163,"PP","PP"
"98","FFd2","Fynbos",29,2055.6608,616.69824,596.141632,0.2812,0.2812,10.8952,10.8952,16.45,16.3248,16.3192,16.3192,0.00800229298530186,0.00793866381068316,"NP","NP"
"99","FFd3","Fynbos",30,1009.5924,302.87772,302.87772,78.1484,78.1484,77.7228,80.1724,83.1976,83.1756,83.1624,83.1624,0.0824071179616645,0.0823722524060205,"PP","PP"
"100","FFd4","Fynbos",30,689.0436,206.71308,206.71308,8.6096,33.4724,37.0928,37.0928,36.5004,46.6248,46.5684,46.5684,0.052972555002325,0.0675841122390513,"PP","PP"
"101","FFd5","Fynbos",30,556.9336,167.08008,167.08008,4.152,4.2816,4.5764,4.5764,7.8852,7.906,7.8896,7.8896,0.0141582407669424,0.0141661411701503,"NP","NP"
"102","FFd6","Fynbos",30,88.5808,26.57424,26.57424,8.096,18.7468,20.794,20.794,19.9428,20.0668,20.0324,20.0324,0.225136824232791,0.226148330112169,"MP","MP"
"103","FFd7","Fynbos",32,247.4448,74.23344,79.182336,3.4144,30.3956,30.2948,30.4704,30.3204,30.2604,30.2464,30.2464,0.122533995460806,0.122234938863132,"PP","PP"
"104","FFd8","Fynbos",30,97.686,29.3058,29.3058,2.014,2.014,1.9956,1.9956,1.9104,1.8896,1.882,1.882,0.0195565382961735,0.0192658108633786,"PP","PP"
"105","FFd9","Fynbos",32,517.29,155.187,165.5328,29.876,30.2516,30.09,30.09,29.9876,29.9588,29.9332,29.9332,0.057970577432388,0.0578654139844188,"PP","PP"
"106","FFf1","Fynbos",30,694.0016,208.20048,208.20048,2.5064,23.702,23.5032,23.6952,23.0684,23.0356,23.0208,23.0208,0.033239692819152,0.0331711050810258,"PP","PP"
"107","FFf2","Fynbos",30,40.588,12.1764,12.1764,1.43,1.43,1.4192,1.4192,1.4112,1.4112,1.4112,1.4112,0.0347688972109983,0.0347688972109983,"PP","PP"
"108","FFg1","Fynbos",27,64.8176,19.44528,17.500752,0,0,0,0,0,0,0,0,0,0,"NP","NP"
"109","FFg2","Fynbos",30,523.9892,157.19676,157.19676,115.4884,135.8644,158.4896,160.9628,161.1032,160.6392,160.1056,160.1056,0.307455191824564,0.30555133579089,"WP","WP"
"110","FFg3","Fynbos",30,91.7956,27.53868,27.53868,5.3672,25.4064,24.4572,24.4572,23.7324,23.6872,23.6104,23.6104,0.258535267485588,0.257206227749478,"MP","MP"
"111","FFg4","Fynbos",30,16.934,5.0802,5.0802,7.0164,7.0164,7.0152,7.0152,7.0152,7.0148,7.0144,7.0144,0.414267154836424,0.414219912601866,"WP","WP"
"112","FFg5","Fynbos",23,498.2224,149.46672,114.591152,3.8884,3.976,3.7016,3.7016,3.4976,3.452,3.3712,3.3712,0.00702015806595609,0.00676645610474358,"NP","NP"
"113","FFh1","Fynbos",29,427.9772,128.39316,124.113388,71.0628,71.0628,71.3588,72.5044,72.1148,72.0608,72.0176,72.0176,0.168501499612596,0.168274384710214,"MP","MP"
"114","FFh10","Fynbos",23,283.2676,84.98028,65.151548,121.3704,123.4824,123.4376,123.4376,130.3252,130.31,130.282,130.282,0.460078032221122,0.459925526251502,"WP","WP"
"115","FFh11","Fynbos",30,12.6292,3.78876,3.78876,0.422,5.4944,5.468,5.468,5.1252,5.0472,5.0316,5.0316,0.405821429702594,0.398410033889716,"WP","WP"
"116","FFh2","Fynbos",27,106.534,31.9602,28.76418,30.8076,30.8076,32.498,32.498,38.0944,38.094,38.094,38.094,0.357579739801378,0.357575985131507,"WP","WP"
"117","FFh3","Fynbos",27,75.1268,22.53804,20.284236,1.8364,1.8364,8.4916,8.4916,8.4748,8.4736,8.4724,8.4724,0.112806614949658,0.112774668959679,"PP","PP"
"118","FFh4","Fynbos",30,316.876,95.0628,95.0628,89.9048,88.272,91.5608,92.5384,92.224,92.056,92.0208,92.0208,0.291041290599477,0.290400030295762,"MP","MP"
"119","FFh5","Fynbos",30,84.0044,25.20132,25.20132,23.5724,24.1536,26.2552,26.2552,25.5796,25.4864,25.384,25.384,0.3045030974568,0.302174647994629,"WP","WP"
"120","FFh6","Fynbos",30,279.4916,83.84748,83.84748,11.2612,11.2612,26.3604,26.3604,25.4488,24.8628,24.8164,24.8164,0.0910538992942901,0.0887912194856661,"PP","PP"
"121","FFh7","Fynbos",30,266.618,79.9854,79.9854,17.7496,17.7496,17.4528,17.4528,17.226,17.202,17.8564,17.8564,0.0646092911956432,0.0669737227043936,"PP","PP"
"122","FFh8","Fynbos",30,186.7676,56.03028,56.03028,6.8396,6.8396,23.2804,23.2804,23.2348,23.2348,23.2344,23.2344,0.124404875363821,0.124402733664726,"PP","PP"
"123","FFh9","Fynbos",23,563.6392,169.09176,129.637016,42.4628,42.5112,40.9976,40.9976,38.6472,38.5384,38.4624,38.4624,0.0685672678550392,0.0682393985372203,"PP","PP"
"124","FFl1","Fynbos",32,286.9588,86.08764,91.826816,8.5292,38.0748,40.54,40.6488,40.7108,40.646,40.628,40.628,0.141869843336395,0.141581300172708,"PP","PP"
"125","FFl2","Fynbos",32,694.2568,208.27704,222.162176,199.3744,199.3744,199.3468,199.3468,199.1308,199.1236,199.074,199.074,0.286825854640531,0.286744040533705,"MP","MP"
"126","FFl3","Fynbos",32,791.6736,237.50208,253.335552,1.0084,3.9316,12.5376,12.5376,12.4512,12.4408,12.434,12.434,0.0157276938374603,0.0157059677119459,"NP","NP"
"127","FFq1","Fynbos",28,49.024,14.7072,13.72672,0,14.782,49.024,49.024,49.024,49.024,49.024,49.024,1,1,"WP","WP"
"128","FFq2","Fynbos",29,1646.1872,493.85616,477.394288,194.2208,292.822,302.2048,405.3088,404.8172,404.7684,404.7584,404.7584,0.245912008063238,0.245876289160795,"MP","MP"
"129","FFq3","Fynbos",27,1268.0852,380.42556,342.383004,66.0992,73.3852,97.1224,97.1224,112.7568,112.7544,112.7528,112.7528,0.0889189464556482,0.088915792093465,"PP","PP"
"130","FFq4","Fynbos",30,97.856,29.3568,29.3568,3.2208,7.3568,7.3568,7.3568,7.3556,7.3596,7.3596,7.3596,0.0751675931981687,0.075208469587966,"PP","PP"
"131","FFq5","Fynbos",23,388.8108,116.64324,89.426484,0,0,0,0,0,0,0,0,0,0,"NP","NP"
"132","FFq6","Fynbos",23,683.2776,204.98328,157.153848,121.7184,121.7184,121.7184,122.332,154.2936,154.2832,154.2792,154.2792,0.225813929799543,0.225792854909922,"MP","MP"
"133","FFs1","Fynbos",29,1014.1516,304.24548,294.103964,26.1156,74.448,74.2772,74.2772,74.1996,74.1944,74.1892,74.1892,0.0731642093746142,0.0731539544975327,"PP","PP"
"134","FFs10","Fynbos",30,1050.6224,315.18672,315.18672,402.9208,403.5204,929.7668,929.7668,928.608,928.4232,928.2704,928.2704,0.883864650135006,0.883543316799642,"WP","WP"
"135","FFs11","Fynbos",30,914.2348,274.27044,274.27044,386.8768,390.9424,677.3388,677.3444,677.7076,680.8192,680.6988,680.6988,0.741283967750954,0.744555774949718,"WP","WP"
"136","FFs12","Fynbos",30,1179.408,353.8224,353.8224,56.5396,127.3332,129.8544,129.8544,129.1536,129.7104,129.6976,129.6976,0.10950714256644,0.109968390921547,"PP","PP"
"137","FFs13","Fynbos",30,531.504,159.4512,159.4512,370.0952,377.5176,376.9572,376.9572,375.9264,375.8652,375.8576,375.8576,0.707287997832566,0.70715855383967,"WP","WP"
"138","FFs14","Fynbos",30,358.8828,107.66484,107.66484,266.9964,266.3228,266.1616,266.1616,265.73,265.6852,273.0216,273.0216,0.740436710814784,0.760754207223082,"WP","WP"
"139","FFs15","Fynbos",30,993.5776,298.07328,298.07328,578.4668,578.4668,574.9148,574.9148,574.576,574.522,574.4868,574.4868,0.578290009758674,0.57820023317756,"WP","WP"
"140","FFs16","Fynbos",30,1215.3228,364.59684,364.59684,909.7332,912.6772,900.9584,907.6916,907.2304,907.126,907.8012,907.8012,0.746493359624291,0.746963029081656,"WP","WP"
"141","FFs17","Fynbos",30,107.4468,32.23404,32.23404,53.7652,53.7652,53.7272,53.7272,53.7088,53.702,53.6912,53.6912,0.499864118801118,0.499700316807946,"WP","WP"
"142","FFs18","Fynbos",23,878.8052,263.64156,202.125196,97.2368,97.2368,97.0176,97.0176,96.9732,97.2656,97.2628,97.2628,0.110346638822802,0.110676177155074,"PP","PP"
"143","FFs19","Fynbos",23,1571.0644,471.31932,361.344812,502.7756,503.8316,503.1372,506.272,503.6624,503.1392,502.2812,502.2812,0.320586730881306,0.319707581687931,"WP","WP"
"144","FFs2","Fynbos",29,1343.1468,402.94404,389.512572,61.6428,61.8444,68.2316,68.2928,67.9724,67.462,67.4548,67.4548,0.0506068286802306,0.0502214649954867,"PP","PP"
"145","FFs20","Fynbos",23,2298.4988,689.54964,528.654724,809.1476,809.7136,809.3092,811.204,809.924,809.8124,808.9996,808.9996,0.352370860493814,0.351968684952109,"WP","WP"
"146","FFs21","Fynbos",27,318.3396,95.50188,85.951692,64.3268,152.4576,184.7868,198.754,198.7044,199.5656,199.56,199.56,0.624190015945236,0.626877711726722,"WP","WP"
"147","FFs22","Fynbos",27,388.3256,116.49768,104.847912,143.5132,176.7732,176.8644,190.4972,190.4848,217.2448,217.2344,217.2344,0.49052856674914,0.559413028654305,"WP","WP"
"148","FFs23","Fynbos",27,852.1924,255.65772,230.091948,155.5936,166.9304,689.8312,689.8312,689.5964,689.4648,689.4084,689.4084,0.809202710561606,0.808982103102539,"WP","WP"
"149","FFs24","Fynbos",27,1084.7884,325.43652,292.892868,434.5812,432.604,877.8428,877.8428,877.4792,877.3952,877.344,877.344,0.808894342896735,0.808769710295575,"WP","WP"
"150","FFs25","Fynbos",27,332.5684,99.77052,89.793468,263.4604,263.4604,263.4364,263.4364,263.4132,263.3948,263.3924,263.3924,0.792057212892145,0.791994669367264,"WP","WP"
"151","FFs26","Fynbos",27,304.1844,91.25532,82.129788,214.5488,214.5488,214.346,214.346,214.138,214.1144,214.1088,214.1088,0.703974299799727,0.703878305396332,"WP","WP"
"152","FFs27","Fynbos",23,2402.9412,720.88236,552.676476,92.3968,1026.452,1061.6888,1082.4696,1107.8644,1107.8136,1107.7,1107.7,0.461045155828199,0.460976739672198,"WP","WP"
"153","FFs28","Fynbos",23,4052.18,1215.654,932.0014,186.3508,803.1792,986.7068,1010.9848,1069.6924,1069.5892,1069.5096,1069.5096,0.263979487584461,0.263934376064242,"WP","WP"
"154","FFs29","Fynbos",23,334.1964,100.25892,76.865172,5.4144,5.4144,5.396,6.1172,5.9664,5.9604,5.958,5.958,0.0178529750769308,0.0178278401562674,"PP","PP"
"155","FFs3","Fynbos",29,498.2384,149.47152,144.489136,337.5912,337.5912,339.9668,339.9668,339.5024,339.2916,339.2104,339.2104,0.681405527956095,0.680819463132509,"WP","WP"
"156","FFs30","Fynbos",29,37.5252,11.25756,10.882308,33.9664,33.9664,37.5052,37.5052,37.4712,37.4648,37.4604,37.4604,0.998560967030156,0.998273160436187,"WP","WP"
"157","FFs31","Fynbos",29,50.8348,15.25044,14.742092,7.2852,7.2852,50.8132,50.8132,50.8064,50.7688,50.7684,50.7684,0.999441327594483,0.998693808178649,"WP","WP"
"158","FFs32","Fynbos",29,547.9488,164.38464,158.905152,0.004,0.004,0.004,0.004,0.004,0.004,0.004,0.004,7.29995211231414e-06,7.29995211231414e-06,"NP","NP"
"159","FFs4","Fynbos",29,2523.64,757.092,731.8556,1316.6816,1303.0956,1364.7344,1430.336,1426.9232,1425.054,1424.454,1424.454,0.565422643483223,0.564444215498249,"WP","WP"
"160","FFs5","Fynbos",29,1135.986,340.7958,329.43594,883.1176,883.1176,912.5324,912.5324,911.3948,911.27,911.182,911.182,0.802294042356156,0.802106716103896,"WP","WP"
"161","FFs6","Fynbos",29,422.8764,126.86292,122.634156,0,0,6.6924,6.6924,34.814,34.7912,34.7744,34.7744,0.0823266562049809,0.0822330118209482,"PP","PP"
"162","FFs7","Fynbos",29,394.0712,118.22136,114.280648,254.0228,254.0228,311.114,311.114,310.63,310.5356,310.4976,310.4976,0.788258568502342,0.787922588608353,"WP","WP"
"163","FFs8","Fynbos",29,319.7464,95.92392,92.726456,250.026,250.026,290.9236,290.9236,290.7796,290.7192,290.6248,290.6248,0.909406955011847,0.908922821335909,"WP","WP"
"164","FFs9","Fynbos",30,219.4464,65.83392,65.83392,98.4544,180.656,187.0608,187.0608,186.2328,186.112,186.0588,186.0588,0.84864823483092,0.847855330504396,"WP","WP"
"165","FFt1","Fynbos",27,404.9544,121.48632,109.337688,26.9664,26.9664,47.5556,47.5556,47.5364,47.5344,47.5336,47.5336,0.117387044072123,0.11738012971337,"PP","PP"
"166","FFt2","Fynbos",23,211.1624,63.34872,48.567352,22.628,22.628,22.708,22.708,22.662,22.6472,22.6468,22.6468,0.107320242618951,0.107248260106913,"PP","PP"
"167","FOa1","Forest",36,132.5436,39.76308,47.715696,62.8768,49.6612,49.3288,49.3288,49.23,50.4888,50.2616,50.2616,0.371424949978724,0.379208049275861,"WP","WP"
"168","FOa2","Forest",35,100.502,30.1506,35.1757,8.2248,44.7272,41.7616,41.7632,41.442,41.3848,41.3812,41.3812,0.412350002985015,0.411745039899704,"WP","WP"
"169","FOa3","Forest",26,23.8196,7.14588,6.193096,6.9008,9.2912,9.2892,9.294,9.2876,9.2724,9.2572,9.2572,0.389914188315505,0.388637928428689,"WP","WP"
"170","FOz1","Forest",22,788.0828,236.42484,173.378216,423.4368,427.196,432.7704,433.0552,432.5756,432.4612,432.2992,432.2992,0.548896131218699,0.548545406650164,"WP","WP"
"171","FOz2","Forest",22,214.0732,64.22196,47.096104,34.7756,58.3636,74.3704,84.3644,84.7016,84.9848,86.5168,86.5436,0.395666529019046,0.404271062421639,"WP","WP"
"172","FOz3","Forest",20,1062.2748,318.68244,212.45496,92.3812,128.6636,153.0524,168.5292,164.1116,166.872,169.764,171.0784,0.154490721233338,0.161049099536203,"MP","MP"
"173","FOz4","Forest",22,379.0448,113.71344,83.389856,172.7536,176.7836,176.7428,183.5096,185.7468,188.0556,189.8448,189.8448,0.490039172150627,0.500850559089585,"WP","WP"
"174","FOz5","Forest",22,825.652,247.6956,181.64344,144.8512,199.9268,199.7072,200.0756,200.624,224.2032,224.1984,224.1984,0.242988571456255,0.271541036659513,"WP","WP"
"175","FOz6","Forest",21,185.2344,55.57032,38.899224,87.214,87.9264,87.8316,87.8316,88.6096,88.6004,88.6,88.6,0.478364709794725,0.478312883568063,"WP","WP"
"176","FOz7","Forest",18,680.3856,204.11568,122.469408,66.098,342.6132,327.3564,327.898,329.75,329.6292,329.4568,329.4568,0.484651644596829,0.484220712490094,"WP","WP"
"177","FOz8","Forest",36,265.4912,79.64736,95.576832,92.2916,109.2604,108.9204,108.9204,108.8664,109.0788,108.9044,108.9044,0.410056529180628,0.410199660101728,"WP","WP"
"178","FOz9","Forest",36,68.7992,20.63976,24.767712,35.7032,31.5028,31.5016,31.5016,32.3484,32.3484,32.3484,32.3484,0.470185699833719,0.470185699833719,"WP","WP"
"179","FRa1","Fynbos",27,497.676,149.3028,134.37252,4.6,4.4648,4.312,4.312,4.228,4.2308,4.23,4.23,0.00849548702368609,0.00849950570250524,"NP","NP"
"180","FRa2","Fynbos",26,63.072,18.9216,16.39872,0,0,0,0,0.0068,0.0064,0.0064,0.0064,0.0001078132927448,0.000101471334348047,"NP","NP"
"181","FRc1","Fynbos",26,101.0616,30.31848,26.276016,0.0828,0.096,0.092,0.092,0.152,0.1512,0.1492,0.1492,0.00150403318372161,0.00147632730928463,"NP","NP"
"182","FRc2","Fynbos",27,209.756,62.9268,56.63412,0.1552,0.4668,0.4188,0.4804,0.4416,0.438,0.438,0.438,0.00210530330479223,0.00208814050611186,"NP","NP"
"183","FRd1","Fynbos",27,219.4944,65.84832,59.263488,7.0496,7.0496,7.0488,7.0488,7.0488,7.0488,7.0488,7.0488,0.0321138033589923,0.0321138033589923,"PP","PP"
"184","FRd2","Fynbos",27,578.926,173.6778,156.31002,2.4464,2.4464,2.4464,2.4464,2.4464,2.4464,2.4464,2.4464,0.00422575596881121,0.00422575596881121,"NP","NP"
"185","FRg1","Fynbos",27,305.5396,91.66188,82.495692,2.8652,2.8652,2.8632,2.8632,2.862,2.862,3.4816,3.4816,0.00936703458406046,0.0113949222948515,"NP","NP"
"186","FRg2","Fynbos",26,951.3408,285.40224,247.348608,3.942,5.5076,5.5844,5.7532,5.338,5.3004,5.2908,5.2908,0.00561102814049392,0.00556141395386385,"NP","NP"
"187","FRg3","Fynbos",27,19.1756,5.75268,5.177412,5.5196,5.5196,5.5196,5.5196,5.5196,5.5196,5.5196,5.5196,0.287844969648929,0.287844969648929,"WP","WP"
"188","FRl1","Fynbos",29,501.6888,150.50664,145.489752,1.7824,1.7824,13.8208,13.8208,13.8108,13.806,13.7988,13.7988,0.027528619335333,0.0275047001248583,"PP","PP"
"189","FRs1","Fynbos",27,207.306,62.1918,55.97262,2.1336,14.0476,14.0472,14.0472,14.0352,14.0196,14.0184,14.0184,0.0677028161268849,0.067621776504298,"PP","PP"
"190","FRs10","Fynbos",26,25.2736,7.58208,6.571136,0.5968,2.1672,2.176,2.176,1.922,1.8948,1.886,1.886,0.0760477336034439,0.0746233223600912,"PP","PP"
"191","FRs11","Fynbos",27,1193.6704,358.10112,322.291008,0.8728,6.0696,5.5364,5.5364,5.2304,5.2108,7.464,7.464,0.00438177909077749,0.00625298239782104,"NP","NP"
"192","FRs12","Fynbos",27,2027.506,608.2518,547.42662,0.9244,7.7044,7.2336,7.2336,6.9304,6.9104,6.8972,6.8972,0.00341818963790983,0.00340181484049862,"NP","NP"
"193","FRs13","Fynbos",27,2762.57,828.771,745.8939,3.6452,6.7552,7.0076,7.446,6.68,6.6348,6.7592,6.7592,0.00241803827595319,0.0024467072327579,"NP","NP"
"194","FRs14","Fynbos",27,866.5308,259.95924,233.963316,1.3344,1.5648,1.5568,1.5568,1.5492,1.5492,1.5492,1.5492,0.00178781873650654,0.00178781873650654,"NP","NP"
"195","FRs15","Fynbos",29,276.4104,82.92312,80.159016,2.8444,2.8444,25.7964,25.7964,25.7884,25.7884,25.786,25.786,0.0932975025541731,0.093288819812858,"PP","PP"
"196","FRs16","Fynbos",29,1347.8644,404.35932,390.880676,1.1364,1.5568,31.6896,31.6896,31.5584,31.538,31.5288,31.5288,0.0234136312228441,0.0233916705567711,"PP","PP"
"197","FRs17","Fynbos",29,207.1384,62.14152,60.070136,0,0,0,0.8616,0.8504,0.8496,0.8492,0.8492,0.0041054676486832,0.00409967442058064,"NP","NP"
"198","FRs18","Fynbos",29,118.7224,35.61672,34.429496,0,15.424,54.8204,78.7256,82.4908,82.4908,82.4904,82.4904,0.694820859416589,0.694817490212462,"WP","WP"
"199","FRs19","Fynbos",29,373.15,111.945,108.2135,0.1432,0.1432,0.1432,0.1432,0.1428,0.5252,0.5248,0.5248,0.000382687927107061,0.0014064049309929,"NP","NP"
"200","FRs2","Fynbos",27,218.8368,65.65104,59.085936,0.186,0.186,0.1808,0.1808,0.1804,0.1804,0.1804,0.1804,0.000824358608789746,0.000824358608789746,"NP","NP"
"201","FRs20","Fynbos",28,46.9912,14.09736,13.157536,0,0,0,0,0,0,0,0,0,0,"NP","NP"
"202","FRs3","Fynbos",27,3217.472,965.2416,868.71744,106.1036,106.1036,105.946,105.946,105.778,105.7764,105.76,105.76,0.03287612137728,0.0328705269230004,"PP","PP"
"203","FRs4","Fynbos",27,491.7496,147.52488,132.772392,7.2084,7.2084,7.6048,7.6048,7.3936,7.372,7.356,7.356,0.0150352943855979,0.0149588327067272,"PP","PP"
"204","FRs5","Fynbos",27,1236.5136,370.95408,333.858672,0,0,0,0,0,0,0,0,0,0,"NP","NP"
"205","FRs6","Fynbos",27,2095.8456,628.75368,565.878312,198.2364,198.2364,215.3144,215.3144,237.872,237.852,237.796,237.796,0.113496910268581,0.113460648055372,"PP","PP"
"206","FRs7","Fynbos",27,1607.8492,482.35476,434.119284,62.1472,51.0968,94.7228,96.2808,96.0904,96.8452,98.0672,98.0672,0.0597633161119836,0.0609927846467194,"PP","PP"
"207","FRs8","Fynbos",27,1049.7592,314.92776,283.434984,71.642,65.314,64.6048,64.9788,64.7244,66.4692,67.1444,67.1444,0.0616564255878872,0.0639617161726232,"PP","PP"
"208","FRs9","Fynbos",26,4963.7544,1489.12632,1290.576144,15.4296,17.8712,41.6344,41.6828,43.8908,43.6732,43.5708,43.5708,0.00884225859361615,0.0087777912621946,"NP","NP"
"209","FS1","Fynbos",24,354.2776,106.28328,85.026624,0.1632,18.0732,22.1212,22.1212,21.5304,21.5076,21.4912,21.4912,0.0607726822130442,0.0606620345175648,"PP","PP"
"210","FS10","Fynbos",36,322.876,96.8628,116.23536,109.0076,146.1732,146.2376,146.2376,146.0692,146.0648,146.0596,146.0596,0.452400302283229,0.45237056950656,"WP","WP"
"211","FS11","Fynbos",36,39.6004,11.88012,14.256144,3.4064,9.8608,9.8608,9.8608,9.8304,9.8292,9.8248,9.8248,0.248239916768517,0.248098504055515,"MP","MP"
"212","FS12","Fynbos",36,119.0592,35.71776,42.861312,13.9188,13.9412,13.918,16.9592,17.5472,17.5384,17.5368,17.5368,0.147382142665162,0.147294791162716,"PP","PP"
"213","FS13","Fynbos",36,41.644,12.4932,14.99184,14.1952,30.0172,30.758,30.758,30.3988,30.382,30.3376,30.3376,0.7299683027567,0.728498703294592,"WP","WP"
"214","FS14","Fynbos",36,96.9252,29.07756,34.893072,7.264,9.0148,9.018,9.018,9.7496,9.7452,9.7448,9.7448,0.100588907735037,0.100539385010297,"PP","PP"
"215","FS2","Fynbos",24,298.8244,89.64732,71.717856,17.76,26.1636,26.0888,26.0888,25.71,25.7064,25.7036,25.7036,0.0860371509153871,0.0860157336549492,"PP","PP"
"216","FS3","Fynbos",24,1643.4048,493.02144,394.417152,68.2056,73.4828,68.7308,69.762,68.2084,68.1084,68.0796,68.0796,0.0415043207857249,0.0414259469121667,"PP","PP"
"217","FS4","Fynbos",24,61.564,18.4692,14.77536,8.5536,9.468,9.4048,9.4048,9.3648,9.3644,9.3624,9.3624,0.152114872327984,0.15207588850627,"MP","MP"
"218","FS5","Fynbos",24,344.3644,103.30932,82.647456,169.3972,173.0656,173.2956,173.2956,174.5264,174.5892,174.464,174.464,0.506807323869715,0.50662612047006,"WP","WP"
"219","FS6","Fynbos",24,398.9228,119.67684,95.741472,16.0288,44.5816,47.8616,47.8616,70.834,79.0284,73.4764,73.4764,0.177563177637377,0.1841870156331,"MP","MP"
"220","FS7","Fynbos",36,46.8288,14.04864,16.858368,10.2668,14.712,14.7968,14.7968,14.7068,14.702,14.6996,14.6996,0.314054598879322,0.313900847341807,"MP","MP"
"221","FS9","Fynbos",36,27.99,8.397,10.0764,0.2408,0.5668,0.546,0.546,0.5084,0.5072,0.5072,0.5072,0.0181636298678099,0.0181207574133619,"PP","PP"
"222","Gd1","Grassland",27,5026.9468,1508.08404,1357.275636,99.9104,101.0044,100.6892,114.798,114.7712,114.6532,114.49,114.49,0.0228311944737509,0.0227752559466116,"PP","PP"
"223","Gd10","Grassland",27,78.8828,23.66484,21.298356,47.4236,47.4236,55.1024,55.1024,54.9788,54.9264,53.1668,53.1668,0.696968160359419,0.673997373318391,"WP","WP"
"224","Gd2","Grassland",27,158.3236,47.49708,42.747372,0,0,0,0,0,0,0,0,0,0,"NP","NP"
"225","Gd3","Grassland",27,2966.1812,889.85436,800.868924,0,0,0,0,0,0,0,0,0,0,"NP","NP"
"226","Gd4","Grassland",27,6646.0524,1993.81572,1794.434148,603.9396,603.9396,610.4616,624.6248,634.816,634.7512,645.736,645.736,0.0955177542686844,0.0971608349040402,"PP","PP"
"227","Gd5","Grassland",27,1218.5104,365.55312,328.997808,407.4408,410.9252,478.6016,479.534,478.936,478.8756,478.8352,478.8352,0.393050399898105,0.392967675942692,"WP","WP"
"228","Gd6","Grassland",27,17.5824,5.27472,4.747248,13.3936,13.3936,13.4888,13.4888,13.4884,13.4884,13.4884,13.4884,0.767153517153517,0.767153517153517,"WP","WP"
"229","Gd7","Grassland",27,1343.4028,403.02084,362.718756,1035.1228,1035.1228,1068.9056,1068.9056,1068.7284,1068.6944,1068.6548,1068.6548,0.795538315090604,0.795483528841834,"WP","WP"
"230","Gd8","Grassland",27,4028.32,1208.496,1087.6464,178.6188,195.6012,197.2076,225.9796,225.736,225.708,257.01,257.01,0.0560372562259205,0.0638007904039401,"PP","PP"
"231","Gh1","Grassland",24,8370.6212,2511.18636,2008.949088,253.4992,299.2696,299.2072,344.8336,2306.23,2305.546,2305.136,2305.136,0.275514796918537,0.275384101719954,"WP","WP"
"232","Gh10","Grassland",24,25965.724,7789.7172,6231.77376,130.2948,203.7824,192.9136,192.9136,181.5564,179.606,178.2516,178.2516,0.00699215627494153,0.00686488079438879,"NP","NP"
"233","Gh11","Grassland",24,923.5568,277.06704,221.653632,0,3.3864,3.3864,3.3864,3.3864,3.3864,3.3864,3.3864,0.00366669380811229,0.00366669380811229,"NP","NP"
"234","Gh12","Grassland",24,329.4952,98.84856,79.078848,0,0,0.2196,0.2196,0.2176,0.2172,0.2172,0.2172,0.000660404157632645,0.000659190179401703,"NP","NP"
"235","Gh13","Grassland",24,3766.2224,1129.86672,903.893376,54.6136,54.622,54.4988,54.4988,54.3956,54.3716,54.3676,54.3676,0.0144430132431903,0.0144355787379949,"PP","PP"
"236","Gh14","Grassland",24,9187.4096,2756.22288,2204.978304,99.3784,99.3784,60.5716,60.5716,59.4476,59.22,58.5316,58.5316,0.00647055074152784,0.00637084908024564,"NP","NP"
"237","Gh15","Grassland",24,8598.4796,2579.54388,2063.635104,246.7568,246.7568,453.7864,453.9188,562.2076,579.426,579.9928,579.9928,0.0653845361219442,0.0674529483096058,"PP","PP"
"238","Gh2","Grassland",24,7162.5576,2148.76728,1719.013824,17.444,61.2072,63.7532,63.7532,62.2276,62.0384,61.6008,61.6008,0.00868790220967996,0.00860039156962591,"NP","NP"
"239","Gh3","Grassland",24,13392.4368,4017.73104,3214.184832,185.4808,308.7584,365.0808,365.0808,355.7636,355.2652,346.3804,346.3804,0.0265645158766028,0.0258638816201096,"PP","PP"
"240","Gh4","Grassland",28,9677.7704,2903.33112,2709.775712,295.1312,459.9472,534.3312,534.3312,528.2592,527.9884,527.5244,527.5244,0.0545848039544315,0.0545088773753095,"PP","PP"
"241","Gh5","Grassland",24,4949.5984,1484.87952,1187.903616,11.7212,46.096,74.836,74.836,73.004,72.7092,72.5672,72.5672,0.0147494794729205,0.0146612298888734,"PP","PP"
"242","Gh6","Grassland",24,16012.9004,4803.87012,3843.096096,197.6248,342.1824,358.5616,358.5616,353.9652,353.0344,350.8104,350.8104,0.0221050022892792,0.0219079861384762,"PP","PP"
"243","Gh7","Grassland",28,1571.9508,471.58524,440.146224,29.6672,66.5656,70.506,70.506,68.2564,68.0696,67.8852,67.8852,0.0434214607734542,0.0431853210673006,"PP","PP"
"244","Gh8","Grassland",28,80.4668,24.14004,22.530704,1.5412,12.224,12.8536,12.8536,12.4952,12.4652,12.4564,12.4564,0.155283918336507,0.154801731894396,"MP","MP"
"245","Gh9","Grassland",24,7074.3048,2122.29144,1697.833152,5.0848,154.588,169.5468,169.5468,168.9164,168.5288,168.4476,168.4476,0.023877455774877,0.0238111877791864,"PP","PP"
"246","Gm1","Grassland",24,3571.9108,1071.57324,857.258592,0,15.2488,14.664,14.664,14.4728,14.4324,14.4092,14.4092,0.00405183690477377,0.00403403130895654,"NP","NP"
"247","Gm10","Grassland",24,1093.2008,327.96024,262.368192,11.0692,11.1872,40.3392,40.3392,37.9036,46.6504,46.2268,46.2268,0.0346721297679255,0.0422857356123413,"PP","PP"
"248","Gm11","Grassland",24,10508.8704,3152.66112,2522.128896,89.4392,136.0352,133.2668,170.102,168.524,167.5668,183.492,183.492,0.0160363572473022,0.0174606777908309,"PP","PP"
"249","Gm12","Grassland",24,12772.3408,3831.70224,3065.361792,59.5312,85.8608,77.8212,397.7156,377.7512,373.0496,366.8264,366.8264,0.0295757219381431,0.0287203736373837,"PP","PP"
"250","Gm13","Grassland",27,3927.052,1178.1156,1060.30404,57.48,65.2404,64.2456,64.2456,144.5952,143.4708,147.0424,147.0424,0.0368202916589849,0.0374434563127761,"PP","PP"
"251","Gm14","Grassland",27,3750.41,1125.123,1012.6107,22.0188,39.5748,249.2036,330.6076,339.4008,338.7768,478.9848,478.9848,0.0904969856629009,0.127715316458734,"PP","PP"
"252","Gm15","Grassland",24,4216.8496,1265.05488,1012.043904,31.7404,39.2796,74.4072,146.88,138.6624,138.0344,208.3956,215.03,0.0328829370627779,0.0509930446653824,"PP","PP"
"253","Gm16","Grassland",24,6124.0568,1837.21704,1469.773632,75.7368,81.3372,76.7348,80.6252,76.6188,97.5528,96.862,96.862,0.0125111184468439,0.0158166397150333,"PP","PP"
"254","Gm17","Grassland",27,1087.416,326.2248,293.60232,290.8764,375.5452,374.3732,392.1008,413.8108,474.5748,473.8984,473.8984,0.38054507198717,0.435802305649356,"WP","WP"
"255","Gm19","Grassland",24,1380.852,414.2556,331.40448,6.5964,6.5964,6.358,6.358,6.1784,12.6984,12.6732,12.6732,0.00447433903126475,0.00917781195957279,"NP","NP"
"256","Gm2","Grassland",28,720.6988,216.20964,201.795664,0,0,0,0,0,0,0,0,0,0,"NP","NP"
"257","Gm20","Grassland",24,20.3384,6.10152,4.881216,0,0,0,0,0,0,0,0,0,0,"NP","NP"
"258","Gm21","Grassland",24,1551.0772,465.32316,372.258528,110.2296,126.6944,121.672,173.2544,168.0396,167.3948,167.0936,167.0936,0.108337354194878,0.10772745547417,"PP","PP"
"259","Gm22","Grassland",27,939.1744,281.75232,253.577088,20.3632,20.3632,20.1164,22.414,24.6472,24.6284,28.2592,28.2592,0.0262434751202759,0.0300894061848364,"PP","PP"
"260","Gm23","Grassland",27,1373.9432,412.18296,370.964664,285.228,285.228,284.6684,298.7128,307.1196,319.1768,333.2668,333.2668,0.223531511346321,0.242562283506334,"MP","MP"
"261","Gm24","Grassland",27,10.0012,3.00036,2.700324,7.1124,7.1124,7.1624,7.3624,7.3144,7.3128,7.3124,7.3124,0.731352237731472,0.731152261728592,"WP","WP"
"262","Gm25","Grassland",27,430.6344,129.19032,116.271288,10.158,10.158,10.0728,10.0728,11.1824,11.1352,11.0128,11.0128,0.0259672706128447,0.0255734330559751,"PP","PP"
"263","Gm26","Grassland",27,260.5796,78.17388,70.356492,114.4884,114.4884,114.4228,114.4228,114.352,114.3468,114.3456,114.3456,0.438837115415021,0.438812554781725,"WP","WP"
"264","Gm27","Grassland",24,268.0664,80.41992,64.335936,70.718,70.718,72.066,72.066,71.8168,71.7508,71.6392,71.6392,0.267906757430249,0.26724423501043,"WP","WP"
"265","Gm28","Grassland",24,93.8756,28.16268,22.530144,0,5.3328,5.3328,26.7608,26.71,28.2964,28.2948,28.2948,0.284525478399073,0.30140739446672,"WP","WP"
"266","Gm29","Grassland",24,523.222,156.9666,125.57328,17.3352,126.834,126.8084,127.4852,127.4084,127.3856,136.7704,136.7704,0.243507344874642,0.261400323380898,"WP","WP"
"267","Gm3","Grassland",24,14029.2096,4208.76288,3367.010304,24.064,109.0848,132.3396,132.3396,128.7956,128.012,127.4596,127.4596,0.00918053145346121,0.0090853015696622,"NP","NP"
"268","Gm30","Grassland",24,3858.6324,1157.58972,926.071776,82.316,139.1308,137.3904,137.5772,299.5016,298.7476,297.4932,297.4932,0.0776185883889847,0.0770980930964038,"PP","PP"
"269","Gm31","Grassland",24,1048.1812,314.45436,251.563488,142.2328,269.3256,266.7772,353.5804,348.7948,348.3472,348.6736,348.6736,0.332761930856993,0.33264630199435,"WP","WP"
"270","Gm4","Grassland",24,11278.5632,3383.56896,2706.855168,239.4924,322.0576,322.1404,322.1404,408.742,407.2968,555.38,586.9992,0.0362406090875121,0.0520455655202606,"PP","PP"
"271","Gm5","Grassland",28,1777.134,533.1402,497.59752,89.7744,150.2888,159.3588,159.3588,157.7172,157.5388,167.4764,167.4764,0.0887480628922749,0.0942396015156989,"PP","PP"
"272","Gm6","Grassland",24,9891.6532,2967.49596,2373.996768,18.9524,38.8976,41.1544,41.1544,39.7744,39.5756,39.0864,39.0864,0.00402100631671964,0.00395145272581938,"NP","NP"
"273","Gm7","Grassland",28,30.0484,9.01452,8.413552,0,0.4856,0.484,0.484,0.4512,0.45,0.45,0.45,0.015015774550392,0.0149758389797793,"PP","PP"
"274","Gm8","Grassland",24,14492.9396,4347.88188,3478.305504,92.7784,96.7504,92.1364,92.1364,86.8616,126.306,125.5064,125.5064,0.00599337349063402,0.00865983047359143,"NP","NP"
"275","Gm9","Grassland",24,1313.2256,393.96768,315.174144,65.3864,65.3864,62.1576,62.1576,59.1552,58.8404,58.3808,58.3808,0.0450457255783012,0.0444560325354608,"PP","PP"
"276","Gs1","Grassland",23,539.2132,161.76396,124.019036,17.806,17.806,17.7936,17.7936,17.7212,17.7204,17.72,17.72,0.0328649224462606,0.0328626969814537,"PP","PP"
"277","Gs10","Grassland",23,10944.6128,3283.38384,2517.260944,247.0752,267.7708,285.0564,362.9332,379.2608,378.6636,382.8268,385.7848,0.034652738011892,0.0352488303652003,"PP","PP"
"278","Gs11","Grassland",23,2342.158,702.6474,538.69634,19.1336,19.1336,64.0408,67.382,90.2032,90.0892,89.8468,89.8468,0.0385128586542838,0.0383606912940972,"PP","PP"
"279","Gs12","Grassland",23,8728.1252,2618.43756,2007.468796,17.0456,17.0456,59.1356,109.7528,108.0016,107.7604,108.4108,108.4108,0.0123739746538008,0.0124208575743162,"PP","PP"
"280","Gs13","Grassland",23,492.96,147.888,113.3808,0.59,0.59,0.59,5.394,5.3084,5.2872,6.8196,6.8196,0.0107684193443687,0.013833982473223,"NP","PP"
"281","Gs14","Grassland",23,5281.672,1584.5016,1214.78456,1.63,1.63,1.5832,1.5832,1.5524,1.5524,1.5524,1.5524,0.000293922076191024,0.000293922076191024,"NP","NP"
"282","Gs15","Grassland",23,6137.2616,1841.17848,1411.570168,1.3996,1.3996,1.3992,1.3992,1.3952,1.3948,1.3948,1.3948,0.000227332659243334,0.000227267483595615,"NP","NP"
"283","Gs16","Grassland",23,3606.2944,1081.88832,829.447712,28.0848,28.0848,27.9476,27.9476,27.9056,27.896,27.8844,27.8844,0.00773802604690288,0.0077321474364378,"NP","NP"
"284","Gs17","Grassland",28,4242.1876,1272.65628,1187.812528,83.182,83.182,83.176,83.176,210.022,210.0116,210.004,210.004,0.0495079472675843,0.0495037041737617,"PP","PP"
"285","Gs18","Grassland",23,1433.932,430.1796,329.80436,0,0,0,0,0,0,0,0,0,0,"NP","NP"
"286","Gs19","Grassland",25,3024.2364,907.27092,756.0591,1.9956,20.6864,20.6324,20.6952,20.5172,20.5116,33.922,33.922,0.00678425800311113,0.0112167157302915,"NP","NP"
"287","Gs2","Grassland",27,1058.0116,317.40348,285.663132,114.614,114.614,114.5724,114.5724,114.256,114.2496,114.2488,203.1584,0.10799125453823,0.192019066709666,"PP","MP"
"288","Gs20","Grassland",25,6280.594,1884.1782,1570.1485,7.2936,9.02,8.838,9.1764,8.9348,9.7912,9.7584,9.7584,0.00142260429507145,0.00155373838843906,"NP","NP"
"289","Gs3","Grassland",23,1742.278,522.6834,400.72394,22.332,28.9376,29.8236,60.8464,77.0444,94.18,123.9996,166.1932,0.0442204975325407,0.0953884512115747,"PP","PP"
"290","Gs4","Grassland",24,7440.426,2232.1278,1785.70224,37.2932,37.2932,107.7704,144.2168,151.924,151.8688,152.394,181.4532,0.0204187233365401,0.0243874745881486,"PP","PP"
"291","Gs6","Grassland",23,5227.4684,1568.24052,1202.317732,58.2744,58.2744,58.2328,60.0668,65.5092,65.4584,65.3544,72.248,0.0125317256819764,0.0138208391656657,"PP","PP"
"292","Gs7","Grassland",23,4653.6068,1396.08204,1070.329564,0,0,12.3496,12.3496,12.1784,12.1372,12.1508,12.1508,0.00261698087599494,0.00261104999244887,"NP","NP"
"293","Gs8","Grassland",23,2862.4156,858.72468,658.355588,60.7332,60.7332,86.0524,120.6504,121.5996,127.4508,132.58,132.58,0.0424814621608407,0.0463175228642549,"PP","PP"
"294","Gs9","Grassland",23,6972.2336,2091.67008,1603.613728,12.716,35.4188,64.7312,88.1428,81.9792,89.7444,91.352,97.5912,0.0117579537208851,0.01399712138159,"PP","PP"
"295","NKb1","Nama-Karoo",21,4671.204,1401.3612,980.95284,158.192,158.192,158.1756,158.1756,165.7572,165.7544,165.7156,165.7156,0.0354848985400766,0.0354759929131761,"PP","PP"
"296","NKb2","Nama-Karoo",21,607.488,182.2464,127.57248,161.7124,161.7124,161.7124,161.7124,161.3844,161.3788,161.3732,161.3732,0.26565858091024,0.265640144332069,"WP","WP"
"297","NKb3","Nama-Karoo",21,41253.296,12375.9888,8663.19216,211.6452,211.6452,211.6324,211.6324,231.0644,602.2024,602.1256,602.1256,0.00560111366616621,0.0145958179923369,"NP","PP"
"298","NKb4","Nama-Karoo",21,2677.2,803.16,562.212,0,0,0,0,0,3.9724,3.972,3.972,0,0.00148363962348723,"NP","NP"
"299","NKb5","Nama-Karoo",21,8638.8324,2591.64972,1814.154804,11.7044,11.7044,11.7044,11.7044,11.5488,11.5428,11.5396,11.5396,0.00133684732672902,0.00133578236799686,"NP","NP"
"300","NKb6","Nama-Karoo",21,41250.6684,12375.20052,8662.640364,0,0,0,0,0,930.7712,930.5056,930.5056,0,0.0225573460041195,"NP","PP"
"301","NKl1","Nama-Karoo",16,20205.9452,6061.78356,3232.951232,437.5752,494.0248,493.9564,493.9564,493.2976,493.1248,493.0396,493.0396,0.024413487966898,0.0244007194476604,"PP","PP"
"302","NKl2","Nama-Karoo",16,8321.3632,2496.40896,1331.418112,9.664,9.664,9.6636,14.0632,1257.454,1257.036,1256.4344,1256.4344,0.151111539032451,0.15098901103127,"MP","MP"
"303","NKl4","Nama-Karoo",16,742.6932,222.80796,118.830912,60.888,60.888,60.8452,60.8452,60.7356,60.7336,60.7268,60.7268,0.0817775092056855,0.0817656604369072,"MP","MP"
"304","NKu1","Nama-Karoo",21,17149.5756,5144.87268,3601.410876,2.7992,2.7992,2.7992,2.7992,2.7988,21.0008,21.0008,21.0008,0.000163199373866721,0.00122456674671296,"NP","NP"
"305","NKu2","Nama-Karoo",21,11734.2756,3520.28268,2464.197876,436.2796,436.2796,461.9032,540.126,1357.6336,1643.2704,1643.2796,1643.2796,0.115698117743203,0.14004099238985,"MP","MP"
"306","NKu3","Nama-Karoo",21,42273.7272,12682.11816,8877.482712,64.8992,163.2324,218.5528,218.5528,217.7148,217.4088,216.4372,216.4372,0.00515012075869194,0.00511989867787196,"NP","NP"
"307","NKu4","Nama-Karoo",21,49834.4344,14950.33032,10465.231224,248.4272,379.1168,378.1,598.0324,3145.3684,3144.2552,3197.2916,3197.2916,0.0631163659800662,0.0641582800827373,"PP","PP"
"308","SKk1","Succulent Karoo",28,1673.774,502.1322,468.65672,0,0,0.302,240.01,239.768,239.7556,239.7456,239.7456,0.143249925019746,0.143236542089912,"MP","MP"
"309","SKk2","Succulent Karoo",28,129.9056,38.97168,36.373568,0.0136,0.0136,0.0136,46.832,46.8252,46.8252,46.8252,46.8252,0.360455592368612,0.360455592368612,"WP","WP"
"310","SKk3","Succulent Karoo",28,1320.886,396.2658,369.84808,1.9752,1.9752,1.9688,391.1936,390.604,390.5732,390.5168,390.5168,0.295713634636146,0.295647618341023,"WP","WP"
"311","SKk4","Succulent Karoo",28,983.548,295.0644,275.39344,0,0,26.4496,122.9432,122.8892,122.8888,122.8888,122.8888,0.124944791713267,0.124944385022388,"PP","PP"
"312","SKk5","Succulent Karoo",28,988.53,296.559,276.7884,0.1912,0.1912,12.774,12.774,12.774,12.774,12.774,12.774,0.0129222178386088,0.0129222178386088,"NP","NP"
"313","SKk6","Succulent Karoo",28,59.8264,17.94792,16.751392,0.0996,0.0996,0.0996,10.8752,10.8608,10.8608,10.8584,10.8584,0.18153858497252,0.18149846890336,"MP","MP"
"314","SKk7","Succulent Karoo",28,185.2136,55.56408,51.859808,4.2384,4.2384,4.4224,4.4224,4.2396,4.2356,4.2308,4.2308,0.0228903277081165,0.0228428149984666,"PP","PP"
"315","SKk8","Succulent Karoo",26,2.86,0.858,0.7436,0,0,0,0,0,0,0,0,0,0,"NP","NP"
"316","SKk9","Succulent Karoo",29,142.7656,42.82968,41.402024,0,0.2564,0.3384,0.3384,0.3384,0.3384,0.3384,0.3384,0.00237031890035135,0.00237031890035135,"NP","NP"
"317","SKn1","Succulent Karoo",28,7582.1624,2274.64872,2123.005472,252.9332,252.9332,484.45,484.45,491.1876,497.22,574.5864,574.5864,0.0647819941181951,0.0757813364693956,"PP","PP"
"318","SKn2","Succulent Karoo",24,539.3324,161.79972,129.439776,0,0,0,0,0,0,0,0,0,0,"NP","NP"
"319","SKn3","Succulent Karoo",28,3107.996,932.3988,870.23888,54.2548,54.2548,61.1568,61.1568,60.6472,60.61,60.5848,60.5848,0.0195132812268742,0.0194932039809575,"PP","PP"
"320","SKn4","Succulent Karoo",28,5040.6136,1512.18408,1411.371808,10.0968,10.0968,225.75,253.0004,253.8132,253.7356,253.7144,253.7144,0.0503536315499367,0.0503340307616517,"PP","PP"
"321","SKn5","Succulent Karoo",28,653.3436,196.00308,182.936208,1.6072,1.6072,1.6072,1.6072,1.6072,4.3924,4.3924,4.3924,0.0024599613434646,0.006722955578045,"NP","NP"
"322","SKn6","Succulent Karoo",28,396.7944,119.03832,111.102432,1.668,1.668,2.922,2.922,2.9216,2.9216,2.9216,2.9216,0.00736300713921366,0.00736300713921366,"NP","NP"
"323","SKn7","Succulent Karoo",28,997.1488,299.14464,279.201664,0,0,0,20.886,20.886,20.886,20.886,20.886,0.0209457204381131,0.0209457204381131,"PP","PP"
"324","SKr1","Succulent Karoo",28,1200.4012,360.12036,336.112336,0,379.5736,860.0532,860.0532,859.8968,859.8732,859.864,859.864,0.716341169935518,0.716313845737575,"WP","WP"
"325","SKr10","Succulent Karoo",28,127.5696,38.27088,35.719488,0,0,0,0,0,0,0,0,0,0,"NP","NP"
"326","SKr11","Succulent Karoo",28,129.2752,38.78256,36.197056,0,4.692,61.2112,61.2112,61.0152,61.0072,61.002,61.002,0.471979157641992,0.471877049890466,"WP","WP"
"327","SKr12","Succulent Karoo",28,612.1464,183.64392,171.400992,0,0,0.0668,0.0668,0.0652,0.0652,0.0652,0.0652,0.000106510468737544,0.000106510468737544,"NP","NP"
"328","SKr13","Succulent Karoo",28,722.676,216.8028,202.34928,0,0.1452,0.1452,0.1452,0.1452,0.1452,0.1452,0.1452,0.00020091991431845,0.00020091991431845,"NP","NP"
"329","SKr14","Succulent Karoo",28,365.5632,109.66896,102.357696,0,0,0,0,0,0,0,0,0,0,"NP","NP"
"330","SKr15","Succulent Karoo",28,241.7792,72.53376,67.698176,0,0,0,0,0,0,0,0,0,0,"NP","NP"
"331","SKr16","Succulent Karoo",28,432.8448,129.85344,121.196544,0,0,0,0,0,0,0,0,0,0,"NP","NP"
"332","SKr17","Succulent Karoo",28,260.7456,78.22368,73.008768,0,0,0,0,0,0,0,0,0,0,"NP","NP"
"333","SKr18","Succulent Karoo",34,817.7808,245.33424,278.045472,0,0,0,0,0,70.7892,70.788,70.788,0,0.0865610931437862,"NP","PP"
"334","SKr19","Succulent Karoo",18,371.9632,111.58896,66.953376,0,0,0,0,0,73.9772,73.9772,73.9772,0,0.198883115318935,"NP","WP"
"335","SKr2","Succulent Karoo",28,192.1136,57.63408,53.791808,0,0,47.4204,47.4204,47.3128,47.3128,47.3088,47.3088,0.246275120553672,0.246254299539439,"MP","MP"
"336","SKr3","Succulent Karoo",28,170.7744,51.23232,47.816832,0,0,170.7744,170.7744,170.7484,170.7448,170.7376,170.7376,0.999847752356325,0.999784511027414,"WP","WP"
"337","SKr4","Succulent Karoo",28,836.2248,250.86744,234.142944,0,62.3196,137.0544,137.0544,137.0012,136.9996,136.9984,136.9984,0.16383297888319,0.163829630501272,"MP","MP"
"338","SKr5","Succulent Karoo",28,18.3652,5.50956,5.142256,0,15.3936,15.3936,15.3936,15.3936,15.3936,15.3936,15.3936,0.838193975562477,0.838193975562477,"WP","WP"
"339","SKr6","Succulent Karoo",28,65.8728,19.76184,18.444384,0,0.9484,65.8684,65.8684,65.8632,65.824,65.8232,65.8232,0.99985426458265,0.999247033677026,"WP","WP"
"340","SKr7","Succulent Karoo",28,327.1496,98.14488,91.601888,0,74.2304,119.0284,119.0284,118.9444,118.9428,118.9416,118.9416,0.363578008348474,0.363569449572917,"WP","WP"
"341","SKr8","Succulent Karoo",28,50.5576,15.16728,14.156128,0,50.5576,50.5576,50.5576,50.5336,50.5152,50.5104,50.5104,0.99952529392218,0.999066411380287,"WP","WP"
"342","SKr9","Succulent Karoo",34,3.2652,0.97956,1.110168,0,3.2652,3.2652,3.2652,3.2652,3.2652,3.2652,3.2652,1,1,"WP","WP"
"343","SKs1","Succulent Karoo",26,508.0212,152.40636,132.085512,0,0,0,0,2.1584,2.1584,2.156,2.156,0.00424864159212253,0.00424391737982588,"NP","NP"
"344","SKs10","Succulent Karoo",28,136.4288,40.92864,38.200064,0,0,96.2988,96.2988,96.0312,96.0028,95.992,95.992,0.703892433269222,0.703605103907679,"WP","WP"
"345","SKs11","Succulent Karoo",26,286.9792,86.09376,74.614592,0,0,85.7948,85.7948,85.73,85.716,85.7108,85.7108,0.298732451689879,0.298665547886397,"WP","WP"
"346","SKs12","Succulent Karoo",26,469.9288,140.97864,122.181488,15.1436,15.2664,15.1784,30.8212,30.6484,30.6416,30.6368,30.6368,0.065219241723427,0.0651945571329103,"PP","PP"
"347","SKs13","Succulent Karoo",29,201.1296,60.33888,58.327584,0.0896,0.0896,0.0896,0.0896,0.0896,0.0896,0.0896,0.0896,0.000445483906893863,0.000445483906893863,"NP","NP"
"348","SKs14","Succulent Karoo",26,838.9456,251.68368,218.125856,0,0,97.4156,97.4156,97.3452,97.3696,97.3148,97.3148,0.116032791637503,0.115996555676554,"PP","PP"
"349","SKs2","Succulent Karoo",26,536.1004,160.83012,139.386104,0,0,0,0,0,0,0,0,0,0,"NP","NP"
"350","SKs3","Succulent Karoo",26,331.4,99.42,86.164,0,0,0,0,0,0,0,0,0,0,"NP","NP"
"351","SKs4","Succulent Karoo",26,449.044,134.7132,116.75144,0,0,0,0,0,0,0,0,0,0,"NP","NP"
"352","SKs5","Succulent Karoo",26,566.1096,169.83288,147.188496,0,0,0,0,0,0,0,0,0,0,"NP","NP"
"353","SKs6","Succulent Karoo",26,123.302,36.9906,32.05852,0,0,0,0,0,0,0,0,0,0,"NP","NP"
"354","SKs7","Succulent Karoo",26,3151.7932,945.53796,819.466232,3.4816,5.4144,212.4536,212.4536,219.4692,220.6448,220.5928,220.5928,0.0696331218685287,0.0699896173391071,"PP","PP"
"355","SKs8","Succulent Karoo",26,868.0312,260.40936,225.688112,0.0592,0.0592,171.6476,171.6476,173.512,177.5504,188.754,188.754,0.199891432473856,0.217450709145017,"MP","MP"
"356","SKs9","Succulent Karoo",26,917.3924,275.21772,238.522024,0,0,97.9576,97.9576,104.3528,104.3484,104.3304,104.3304,0.113749361778013,0.113724944745564,"PP","PP"
"357","SKt1","Succulent Karoo",18,101.7792,30.53376,18.320256,0,0,0,0,0,0,0,0,0,0,"NP","NP"
"358","SKt2","Succulent Karoo",18,7632.554,2289.7662,1373.85972,20.5704,20.5704,20.5704,20.5704,20.5604,20.556,20.5552,20.5552,0.0026937772074721,0.00269309591520741,"NP","NP"
"359","SKt3","Succulent Karoo",18,5357.996,1607.3988,964.43928,3.3104,3.3104,3.3028,3.3028,3.294,3.2936,3.2928,3.2928,0.000614782093902272,0.000614558129569339,"NP","NP"
"360","SKv1","Succulent Karoo",19,540.74,162.222,102.7406,0.0188,0.0188,0.7948,0.7948,0.6956,0.6944,0.6944,0.6944,0.00128638532381551,0.00128416614269335,"NP","NP"
"361","SKv10","Succulent Karoo",16,240.126,72.0378,38.42016,11.4848,11.4848,11.484,11.484,12.9008,12.894,18.3452,18.3452,0.0537251276413216,0.0763982242655939,"PP","PP"
"362","SKv11","Succulent Karoo",16,1578.5704,473.57112,252.571264,12.0604,12.0604,12.068,12.068,12.0604,14.9708,14.9616,14.9616,0.00764007737634001,0.00947794282725687,"NP","PP"
"363","SKv13","Succulent Karoo",16,2555.2608,766.57824,408.841728,6.9388,43.18,63.89,64.008,63.7568,63.6268,63.3872,63.3872,0.0249511908921391,0.0248065481222112,"PP","PP"
"364","SKv14","Succulent Karoo",16,793.3056,237.99168,126.928896,0,0,0,0,0,0,0,0,0,0,"NP","NP"
"365","SKv2","Succulent Karoo",19,559.3864,167.81592,106.283416,20.3616,57.102,57.102,68.7072,68.7,68.6964,68.6848,68.6848,0.122813139540039,0.122785966909457,"MP","MP"
"366","SKv3","Succulent Karoo",19,928.5724,278.57172,176.428756,1.1664,9.6468,12.4504,15.7508,15.7172,15.7164,15.7124,15.7124,0.0169261976772086,0.0169210284518472,"PP","PP"
"367","SKv4","Succulent Karoo",19,1318.3684,395.51052,250.489996,184.7436,184.7436,184.7392,184.7392,184.6456,184.6036,184.5764,184.5764,0.140056148190445,0.140003659068285,"MP","MP"
"368","SKv5","Succulent Karoo",19,6988.3064,2096.49192,1327.778216,777.5036,952.2328,975.94,975.94,974.2096,974.154,974.0504,974.0504,0.139405679178578,0.139382898265594,"MP","MP"
"369","SKv6","Succulent Karoo",19,4714.4892,1414.34676,895.752948,0,13.8492,13.8492,13.8492,13.8408,13.8388,13.8168,13.8168,0.00293580055289977,0.00293070986354153,"NP","NP"
"370","SKv7","Succulent Karoo",16,653.3552,196.00656,104.536832,30.756,19.7704,19.4984,19.4984,19.3856,19.6648,20.7708,20.7708,0.0296708436697221,0.0317909767917972,"PP","PP"
"371","SKv8","Succulent Karoo",16,4109.0248,1232.70744,657.443968,413.978,359.1824,361.084,361.084,375.9848,375.9372,424.0936,424.0936,0.0915021977964212,0.103210279967159,"MP","MP"
"372","SVcb1","Savanna",19,6651.4568,1995.43704,1263.776792,944.3104,1148.9332,1130.4608,1130.4608,1125.1204,1119.1144,1116.6516,1116.6516,0.169153981425543,0.167880756588542,"MP","MP"
"373","SVcb10","Savanna",24,1442.1488,432.64464,346.115712,20.9964,20.9964,66.502,70.5684,68.7904,68.4424,68.1896,68.1896,0.0476999322122655,0.0472833316506591,"PP","PP"
"374","SVcb11","Savanna",24,3285.6364,985.69092,788.552736,178.9852,190.5036,263.9716,264.4128,261.4644,268.982,267.9868,267.9868,0.0795780080839134,0.0815631334008839,"PP","PP"
"375","SVcb12","Savanna",19,17384.092,5215.2276,3302.97748,799.0524,1015.7288,1003.4872,1085.922,1184.0672,1187.7524,1193.7468,1193.7468,0.0681121107734589,0.0686689186872688,"PP","PP"
"376","SVcb13","Savanna",24,2066.3028,619.89084,495.912672,261.7068,401.218,399.8156,399.8156,397.3504,397.1368,396.8984,396.8984,0.192300179818756,0.192081431627543,"MP","MP"
"377","SVcb14","Savanna",19,759.892,227.9676,144.37948,60.3944,64.654,64.6048,64.6048,64.2308,64.1832,64.1276,64.1276,0.0845262221473578,0.0843904133745322,"PP","PP"
"378","SVcb15","Savanna",19,7198.2152,2159.46456,1367.660888,322.296,401.2228,388.238,403.3124,400.5136,396.1184,395.1656,395.1656,0.0556406815956266,0.0548977196458367,"PP","PP"
"379","SVcb16","Savanna",19,12078.146,3623.4438,2294.84774,1187.366,1524.5036,1510.7532,1590.7232,1585.2896,1583.4304,1571.4564,1571.4564,0.131252727032775,0.130107418804177,"MP","MP"
"380","SVcb17","Savanna",24,8901.2312,2670.36936,2136.295488,701.4248,1024.3716,1020.436,1357.0032,1460.7124,1737.73,1788.1788,1792.5144,0.164102287333015,0.201378254280149,"MP","MP"
"381","SVcb18","Savanna",19,6496.36,1948.908,1234.3084,401.8172,570.4248,562.678,562.678,609.0784,611.4564,610.5244,633.6272,0.0937568730796939,0.0975357276998196,"PP","MP"
"382","SVcb19","Savanna",19,12021.6592,3606.49776,2284.115248,1022.9568,1042.0196,1028.036,1028.036,1046.9512,1039.84,1035.8416,1048.3356,0.0870887439564083,0.0872039027690953,"PP","PP"
"383","SVcb2","Savanna",19,1107.4924,332.24772,210.423556,209.2604,278.5248,278.1996,278.1996,277.9516,277.8844,277.8712,277.8712,0.250973821581078,0.250901225146105,"WP","WP"
"384","SVcb20","Savanna",19,10110.8896,3033.26688,1921.069024,384.7548,390.5664,357.4364,358.2464,377.6148,374,373.2712,348.674,0.0373473368752835,0.0344849972449506,"PP","PP"
"385","SVcb21","Savanna",24,4147.7392,1244.32176,995.457408,65.5932,100.1288,99.7628,139.68,626.0652,647.4416,647.086,647.086,0.150941312799995,0.156009326719481,"MP","MP"
"386","SVcb22","Savanna",36,0.602,0.1806,0.21672,0,0,0,0,0.5368,0.5316,0.5316,0.5316,0.891694352159469,0.883056478405316,"WP","WP"
"387","SVcb23","Savanna",19,4445.3284,1333.59852,844.612396,129.5356,133.8516,132.5692,132.5692,136.2668,135.45,134.39,134.39,0.030653933239218,0.0302317372097863,"PP","PP"
"388","SVcb24","Savanna",24,666.91,200.073,160.0584,42.89,72.2936,75.0144,75.0144,74.6396,74.4972,74.4736,74.4736,0.111918549729349,0.111669640581188,"PP","PP"
"389","SVcb25","Savanna",24,891.324,267.3972,213.91776,126.6232,126.6232,138.9104,138.9104,138.3716,141.3904,141.3864,141.3864,0.155242762452262,0.158625146411406,"MP","MP"
"390","SVcb26","Savanna",24,2000.0168,600.00504,480.004032,266.3536,266.5136,265.8336,274.5228,273.2072,263.0024,262.9276,262.9276,0.136602452539399,0.131462695713356,"MP","MP"
"391","SVcb27","Savanna",19,2522.834,756.8502,479.33846,48.722,48.722,44.124,44.124,41.1608,40.7752,40.026,40.026,0.0163153025526055,0.0158654909518423,"PP","PP"
"392","SVcb28","Savanna",24,2316.1448,694.84344,555.874752,105.0904,105.0904,97.4224,97.4224,96.4144,239.2848,238.652,238.652,0.0416271037976555,0.103038462880214,"PP","PP"
"393","SVcb29","Savanna",19,388.1768,116.45304,73.753592,96.7316,96.7316,96.6628,96.6628,96.5524,96.5312,96.5044,96.5044,0.248733051537341,0.248609396543019,"WP","WP"
"394","SVcb3","Savanna",19,1332.022,399.6066,253.08418,20.26,20.8832,19.616,19.616,19.0936,18.9524,18.9156,18.9156,0.0143342977818685,0.0142006663553605,"PP","PP"
"395","SVcb4","Savanna",24,4122.4704,1236.74112,989.392896,128.1764,198.3696,197.022,197.022,278.1896,277.6732,276.6152,276.6152,0.0674812850081349,0.0670993780816474,"PP","PP"
"396","SVcb5","Savanna",24,367.1036,110.13108,88.104864,343.4548,343.4548,343.0408,343.0408,342.7236,342.6904,342.6632,342.6632,0.933588229589685,0.933423698378333,"WP","WP"
"397","SVcb6","Savanna",19,2285.098,685.5294,434.16862,45.5564,43.6692,42.2008,43.5256,41.5764,41.4456,41.394,41.394,0.018194580713825,0.0181147591919471,"PP","PP"
"398","SVcb7","Savanna",24,491.3284,147.39852,117.918816,10.0488,10.0488,10.008,10.008,9.4796,9.4676,9.46,9.46,0.0192938165186462,0.0192539246662721,"PP","PP"
"399","SVcb8","Savanna",19,1833.3936,550.01808,348.344784,12.7316,22.5872,40.6356,40.6356,36.8016,36.4296,36.1608,36.1608,0.020072940147713,0.0197234243645227,"PP","PP"
"400","SVcb9","Savanna",24,3104.532,931.3596,745.08768,93.3484,366.7912,436.3348,436.3348,443.7548,443.2856,443.0276,443.0276,0.142937743917602,0.142703505713583,"MP","MP"
"401","SVk1","Savanna",16,15431.3308,4629.39924,2469.012928,5.0548,5.0548,4.4956,4.4956,4.33,4.3024,4.2996,4.2996,0.000280597963721962,0.00027862794568567,"NP","NP"
"402","SVk10","Savanna",16,5838.9904,1751.69712,934.238464,0,0,0,0,20.1184,20.1184,20.1184,20.1184,0.00344552715825667,0.00344552715825667,"NP","NP"
"403","SVk11","Savanna",16,13897.364,4169.2092,2223.57824,0,237.9272,237.868,237.868,237.3056,237.286,237.2832,237.2832,0.0170755835423178,0.0170739717258611,"PP","PP"
"404","SVk12","Savanna",16,7452.5748,2235.77244,1192.411968,0,0,0,0,178.7276,178.6944,178.6864,178.6864,0.0239819934447354,0.0239764651540297,"PP","PP"
"405","SVk13","Savanna",16,8517.6948,2555.30844,1362.831168,2.6252,34.2712,34.2708,34.2708,401.2404,428.054,428.0452,428.0452,0.0471066890069834,0.0502536437440797,"PP","PP"
"406","SVk14","Savanna",16,929.224,278.7672,148.67584,0,0,0,0,0,0,0,0,0,0,"NP","NP"
"407","SVk15","Savanna",16,1620.8448,486.25344,259.335168,0,0,0,0,151.2732,169.5684,169.5656,169.5656,0.093329848730736,0.104615568375208,"MP","MP"
"408","SVk16","Savanna",16,7918.5928,2375.57784,1266.974848,681.3576,681.4084,681.4084,681.4084,1076.9828,1153.3304,1153.3284,1153.3284,0.136006842023749,0.145648151019964,"MP","MP"
"409","SVk17","Savanna",16,7235.3844,2170.61532,1157.661504,24.4924,24.4924,24.3452,24.3452,24.2056,24.1988,24.1736,24.1736,0.00334544768623489,0.00334102497719402,"NP","NP"
"410","SVk18","Savanna",16,999.6036,299.88108,159.936576,0,0,0,0,0,0,0,0,0,0,"NP","NP"
"411","SVk2","Savanna",16,4206.5528,1261.96584,673.048448,22.3104,22.3104,22.2876,22.2876,22.1716,22.1656,22.1576,22.1576,0.00527072903970206,0.0052674008989023,"NP","NP"
"412","SVk3","Savanna",16,1366.9324,410.07972,218.709184,13.4364,13.4364,12.5796,12.5796,12.3924,12.2696,12.2484,12.2484,0.00906584700165129,0.0089605016312438,"PP","PP"
"413","SVk4","Savanna",16,16649.7672,4994.93016,2663.962752,310.6844,564.4904,765.598,765.598,758.254,756.6108,750.0788,750.0788,0.0455414175400603,0.0450504076717661,"PP","PP"
"414","SVk5","Savanna",16,1457.8836,437.36508,233.261376,27.5236,45.2484,95.5968,95.5968,95.448,95.4244,95.4068,95.4068,0.0654702474189297,0.065441987275253,"PP","PP"
"415","SVk6","Savanna",16,5313.8536,1594.15608,850.216576,0.0848,11.09,43.5628,43.5628,42.9504,42.5016,42.4764,42.4764,0.00808272173700834,0.00799352093554102,"PP","NP"
"416","SVk7","Savanna",16,13360.5836,4008.17508,2137.693376,5.162,5.162,6.0272,6.0272,29.8796,29.8792,29.8712,29.8712,0.00223639931417367,0.00223577059912263,"NP","NP"
"417","SVk8","Savanna",16,3363.508,1009.0524,538.16128,0,0,0,0,0,0,0,0,0,0,"NP","NP"
"418","SVk9","Savanna",16,5779.5996,1733.87988,924.735936,20.0256,20.0256,20.0256,20.0256,20.0136,19.9936,19.99,19.99,0.00346280043344179,0.00345871710559327,"NP","NP"
"419","SVkd1","Savanna",16,37066.8704,11120.06112,5930.699264,5246.4016,5246.4016,5246.3952,5246.3952,5760.328,5787.5008,5787.4956,5787.4956,0.155403678212877,0.156136613033292,"MP","MP"
"420","SVkd2","Savanna",16,2242.3736,672.71208,358.779776,850.0568,850.0568,850.0568,850.0568,849.9788,849.9576,849.9576,849.9576,0.379053160454618,0.379043706187051,"WP","WP"
"421","SVkd3","Savanna",16,2898.6,869.58,463.776,1673.682,1673.682,1673.682,1673.682,1673.5652,1673.5144,1673.512,1673.512,0.577370178706962,0.577351825018975,"WP","WP"
"422","SVkd4","Savanna",16,762.4696,228.74088,121.995136,762.328,762.328,762.328,762.328,762.2604,762.2284,762.2284,762.2284,0.999725628405382,0.999683659519015,"WP","WP"
"423","SVl1","Savanna",19,2090.6908,627.20724,397.231252,755.88,740.1752,739.9748,739.9748,818.3352,816.072,831.0872,831.0872,0.391418568446372,0.397517987834452,"WP","WP"
"424","SVl10","Savanna",19,942.7836,282.83508,179.128884,390.826,393.742,390.0992,390.0992,388.1944,387.5188,387.29,387.29,0.411753450102441,0.410794163156847,"WP","WP"
"425","SVl11","Savanna",24,630.6152,189.18456,151.347648,454.3348,494.8576,494.078,494.078,493.4528,493.4084,493.128,493.128,0.782494300803406,0.781979248200805,"WP","WP"
"426","SVl12","Savanna",24,464.2436,139.27308,111.418464,15.2432,89.6124,89.3896,89.3896,89.0868,101.7348,101.7064,101.7064,0.191896668042381,0.219079810685597,"MP","MP"
"427","SVl13","Savanna",24,109.4832,32.84496,26.275968,4.562,13.5316,13.4344,14.7652,16.5352,27.544,27.5328,27.5328,0.151029564353252,0.25147967907405,"MP","WP"
"428","SVl14","Savanna",19,1381.2076,414.36228,262.429444,338.2468,341.8336,383.8584,383.8584,380.8692,471.8128,471.6164,471.6164,0.275750871918168,0.341452219058163,"WP","WP"
"429","SVl15","Savanna",24,1345.808,403.7424,322.99392,1328.2116,1328.2116,1328.1896,1328.1896,1330.07,1329.4636,1329.1212,1329.1212,0.988305909906911,0.987600905924173,"WP","WP"
"430","SVl16","Savanna",24,1303.518,391.0554,312.84432,105.0428,117.398,116.9836,116.9836,116.7736,166.8676,178.1616,178.1616,0.0895834196382405,0.136677514234556,"PP","MP"
"431","SVl17","Savanna",24,127.574,38.2722,30.61776,0.4552,0.936,0.9108,0.9108,0.8888,0.886,0.886,0.886,0.00696693683665951,0.00694498879081945,"NP","NP"
"432","SVl18","Savanna",19,1124.394,337.3182,213.63486,175.434,177.6932,176.9908,176.9908,175.9248,208.7964,207.4408,207.4408,0.156461880799791,0.184491201482754,"MP","MP"
"433","SVl19","Savanna",19,152.9456,45.88368,29.059664,29.4264,29.4264,29.3712,29.3712,29.3316,29.28,29.0792,29.0792,0.191777991651934,0.190127731690222,"WP","WP"
"434","SVl2","Savanna",19,183.8536,55.15608,34.932184,181.472,181.472,181.472,181.472,181.912,181.908,181.9064,181.9064,0.989439423541339,0.989408964523947,"WP","WP"
"435","SVl20","Savanna",19,1645.1236,493.53708,312.573484,203.1568,209.8812,209.2228,209.9264,209.4048,219.0056,220.2304,227.0668,0.127288186735635,0.138024158184832,"MP","MP"
"436","SVl21","Savanna",19,335.0944,100.52832,63.667936,136.0612,137.5848,137.5252,137.5252,137.3528,138.2208,136.374,136.374,0.40989285407336,0.406971886131192,"WP","WP"
"437","SVl22","Savanna",19,4770.6844,1431.20532,906.430036,222.0172,225.2992,310.9972,358.5356,357.4224,357.3568,364.3416,519.8688,0.0749205711448865,0.108971534566403,"PP","MP"
"438","SVl23","Savanna",19,7094.574,2128.3722,1347.96906,635.0616,704.0708,966.3552,1298.38,1232.7728,1315.0504,1314.4748,1477.4416,0.173762765741819,0.20824951575669,"MP","WP"
"439","SVl24","Savanna",19,694.624,208.3872,131.97856,0,0,0,0,0,0,0,0,0,0,"NP","NP"
"440","SVl25","Savanna",25,660.6212,198.18636,165.1553,48.1204,104.464,104.2752,104.2752,103.32,112.67,114.0636,114.0636,0.156398250616238,0.172661125619341,"MP","MP"
"441","SVl26","Savanna",25,703.61,211.083,175.9025,21.0464,46.9728,46.924,46.924,46.86,46.798,46.7884,46.7884,0.0665993945509586,0.0664976336322679,"PP","PP"
"442","SVl27","Savanna",24,539.908,161.9724,129.57792,27.1504,94.5804,93.6692,93.6692,92.7764,92.7424,92.7252,92.7252,0.171837424153745,0.171742593182542,"MP","MP"
"443","SVl3","Savanna",19,15822.7516,4746.82548,3006.322804,5679.9228,5877.4532,5872.0248,5884.4632,6267.9968,6265.3404,6264.4644,6264.4644,0.396138229206607,0.395914981058035,"WP","WP"
"444","SVl4","Savanna",19,786.1288,235.83864,149.364472,485.77,485.77,485.7644,485.7644,485.3432,485.2588,485.1976,485.1976,0.61738381802066,0.61719860664054,"WP","WP"
"445","SVl5","Savanna",19,2855.0596,856.51788,542.461324,2252.7996,2252.7996,2252.6948,2252.6948,2250.0324,2249.6276,2249.0444,2249.0444,0.788085965000521,0.787739912679931,"WP","WP"
"446","SVl6","Savanna",19,760.2468,228.07404,144.446892,758.5128,758.5128,758.4252,758.4252,757.6096,757.5796,757.4888,757.4888,0.996531126471035,0.996372230701925,"WP","WP"
"447","SVl7","Savanna",19,323.4536,97.03608,61.456184,22.0392,22.0392,21.9788,21.9788,26.798,26.7772,26.7744,26.7744,0.0828495957379977,0.0827766331863365,"PP","PP"
"448","SVl8","Savanna",19,3399.5656,1019.86968,645.917464,99.5532,99.5532,97.3648,97.3648,110.5212,109.8004,109.2308,109.2308,0.0325103889744031,0.0321308110659785,"PP","PP"
"449","SVl9","Savanna",19,3562.4732,1068.74196,676.869908,56.8804,108.2276,104.7444,110.45,109.6828,110.2644,111.5612,111.5612,0.0307883860010512,0.0313156601430714,"PP","PP"
"450","SVmp1","Savanna",19,8797.3088,2639.19264,1671.488672,717.728,849.6164,893.8132,893.8132,1032.6028,1029.182,1029.6148,1029.6148,0.117377123331171,0.117037474005687,"MP","MP"
"451","SVmp2","Savanna",19,2785.7408,835.72224,529.290752,707.9356,733.3304,778.8368,778.8368,828.4288,828.0976,827.9612,827.9612,0.297381866970538,0.297214012157915,"WP","WP"
"452","SVmp3","Savanna",19,277.0592,83.11776,52.641248,276.9328,276.9328,276.9224,276.9224,276.9064,276.8852,276.8724,276.8724,0.999448493318395,0.999325775863065,"WP","WP"
"453","SVmp4","Savanna",19,2805.3784,841.61352,533.021896,2800.6376,2793.5728,2793.502,2793.502,2794.0396,2793.9916,2793.1508,2793.1508,0.995958192306607,0.995641372301148,"WP","WP"
"454","SVmp5","Savanna",19,5317.0804,1595.12412,1010.245276,3467.938,3467.938,3466.2856,3466.2856,3725.5032,3724.9844,3724.0572,3724.0572,0.700667080377419,0.700395126618736,"WP","WP"
"455","SVmp6","Savanna",19,3154.1124,946.23372,599.281356,1169.9096,1169.9096,1169.8256,1169.8256,1181.5552,1181.3772,1181.2848,1181.2848,0.37460782944831,0.374522100100174,"WP","WP"
"456","SVmp7","Savanna",19,2225.5536,667.66608,422.855184,1425.0268,1426.5696,1426.3112,1426.3112,1431.2184,1431.0296,1430.9208,1430.9208,0.643084219584736,0.642950500046371,"WP","WP"
"457","SVmp8","Savanna",19,310.438,93.1314,58.98322,310.3024,310.3024,310.3008,310.3008,310.294,310.2928,310.2836,310.2836,0.999536139261302,0.999502638207951,"WP","WP"
"458","SVs1","Savanna",25,2706.5924,811.97772,676.6481,11.5588,11.5588,11.5588,11.5588,11.5096,11.5064,11.5064,11.5064,0.00425243195096535,0.0042512496525151,"NP","NP"
"459","SVs2","Savanna",25,2215.6012,664.68036,553.9003,13.6116,13.6116,13.6116,57.9104,57.3664,57.304,57.2596,57.2596,0.0258920242505736,0.0258438206298137,"PP","PP"
"460","SVs3","Savanna",25,1533.5048,460.05144,383.3762,3.3688,3.3688,3.1448,8.7432,7.25,13.8736,23.6392,23.6392,0.0047277321857747,0.0154151457497883,"NP","PP"
"461","SVs4","Savanna",25,803.1036,240.93108,200.7759,0,0,0,0,0,0,0,0,0,0,"NP","NP"
"462","SVs5","Savanna",25,1812.6008,543.78024,453.1502,1.4144,1.4144,1.41,1.41,1.426,3.3964,4.5836,4.5836,0.000786714868491728,0.0025287421256793,"NP","NP"
"463","SVs6","Savanna",25,10185.4844,3055.64532,2546.3711,10.5632,10.7304,12.5928,14.9432,14.6972,17.964,27.788,27.788,0.00144295542782433,0.00272819621617603,"NP","NP"
"464","SVs7","Savanna",25,7762.2768,2328.68304,1940.5692,5.3684,5.3684,5.3492,5.3492,28.448,28.426,28.4192,28.4192,0.00366490409102649,0.00366119383941578,"NP","NP"
"465","SVs8","Savanna",19,1527.7652,458.32956,290.275388,14.0348,14.0348,13.5064,13.682,34.556,38.02,37.4108,37.4108,0.0226186589405231,0.0244872706879303,"PP","PP"
