"","T_MAPCODE","BIOME","T_CNSRV_TRGT","type_tot_km2","gbf_tar_km2","sa_tar_km2","panatsecnat1990","panatsecnat2000","panatsecnat2010","panatsecnat2015","panatsecnat2018","panatsecnat2020","panatsecnat2022","panatsecnat2023","prop_panatsecnat_2018","prop_panatsecnat_2023","epl_2018_natsecnat","epl_2023_natsecnat"
"1","AT15","Albany Thicket",19,14.6008,4.38024,2.774152,0.2768,0.2768,0.2872,0.2872,0.2864,0.2868,0.2868,0.2868,0.0196153635417237,0.0196427593008602,"PP","PP"
"2","AT16","Albany Thicket",19,53.7692,16.13076,10.216148,0.9344,0.9344,0.9344,0.9344,2.704,2.7068,2.7096,2.7096,0.0502890130409231,0.0503931618844989,"PP","PP"
"3","AT17","Albany Thicket",19,729.2028,218.76084,138.548532,45.8552,45.8552,46.7932,46.7932,132.0332,132.024,132.0336,132.0336,0.181065130303943,0.181065678848189,"MP","MP"
"4","AT18","Albany Thicket",19,1175.6312,352.68936,223.369928,59.5516,60.8228,61.0364,61.0364,181.8664,181.7224,181.6432,181.6432,0.154696813082198,0.154506957624126,"MP","MP"
"5","AT19","Albany Thicket",19,1077.8672,323.36016,204.794768,144.2496,278.7168,330.1768,351.6804,373.2988,373.9804,374.0688,374.0688,0.346330976580417,0.347045350299183,"WP","WP"
"6","AT20","Albany Thicket",19,35.5164,10.65492,6.748116,0.3044,0.3044,0.3132,0.3132,0.306,0.306,0.306,0.306,0.00861573808156232,0.00861573808156232,"NP","NP"
"7","AT21","Albany Thicket",19,386.3068,115.89204,73.398292,8.0328,8.0332,8.0848,8.0848,8.2596,10.3732,10.0108,10.0108,0.0213809334963816,0.025914118001547,"PP","PP"
"8","AT22","Albany Thicket",19,215.488,64.6464,40.94272,0.0028,0.0028,0.0028,0.0028,0.0028,0.0028,0.0028,0.0028,1.2993762993763e-05,1.2993762993763e-05,"NP","NP"
"9","AT23","Albany Thicket",19,311.1928,93.35784,59.126632,32.4176,32.4176,32.424,32.424,54.4916,54.5076,54.526,54.526,0.175105593702682,0.175216136105977,"MP","MP"
"10","AT24","Albany Thicket",19,2976.1348,892.84044,565.465612,88.0824,88.0824,88.018,88.018,87.9988,87.9608,88.0288,88.0288,0.0295681499372945,0.0295782301258666,"PP","PP"
"11","AT25","Albany Thicket",19,2128.9656,638.68968,404.503464,4.2884,4.2884,4.2884,7.3268,285.6272,285.6212,285.4316,285.4316,0.134162430806773,0.134070555202959,"MP","MP"
"12","AT26","Albany Thicket",19,40.4824,12.14472,7.691656,0.6724,0.6724,0.6548,0.6548,0.668,1.0392,1.0396,1.0396,0.0165009979645476,0.0256802956346462,"PP","PP"
"13","AT27","Albany Thicket",19,1239.9792,371.99376,235.596048,120.774,120.774,126.3732,126.3732,399.9952,399.9644,399.8388,399.8388,0.322582185249559,0.322456054101553,"WP","WP"
"14","AT28","Albany Thicket",19,1030.5104,309.15312,195.796976,41.6296,41.6296,41.776,61.0316,76.6392,76.6164,76.6364,76.6364,0.0743701373610591,0.0743674202608727,"PP","PP"
"15","AT29","Albany Thicket",19,784.614,235.3842,149.07666,7.3476,7.3476,8.522,8.522,619.048,619.2648,618.9804,618.9804,0.788984137422988,0.788897980408201,"WP","WP"
"16","AT30","Albany Thicket",19,674.0584,202.21752,128.071096,27.5948,27.5948,27.604,27.604,136.0248,136.1228,136.1568,136.1568,0.201799725365043,0.201995554094423,"WP","WP"
"17","AT31","Albany Thicket",19,240.8016,72.24048,45.752304,6.5236,6.5236,6.524,6.524,6.5232,6.524,6.5236,6.5236,0.0270895209998605,0.0270911821183912,"PP","PP"
"18","AT32","Albany Thicket",19,3596.184,1078.8552,683.27496,188.264,188.264,188.3388,221.1452,513.7844,513.3516,513.3584,513.3584,0.142869330379091,0.142750871479324,"MP","MP"
"19","AT33","Albany Thicket",19,491.8056,147.54168,93.443064,0.1168,18.0024,21.9192,21.9192,22.1052,22.0924,21.9004,21.9004,0.0449470278500285,0.0445306031488865,"PP","PP"
"20","AT34","Albany Thicket",19,167.5268,50.25804,31.830092,0,0,0,0,0,0,0,0,0,0,"NP","NP"
"21","AT35","Albany Thicket",19,30.1476,9.04428,5.728044,0,0,0,0,8.4288,8.3128,8.3288,8.3288,0.279584444532898,0.276267430906606,"WP","WP"
"22","AT36","Albany Thicket",19,51.4116,15.42348,9.768204,25.9868,27.6156,30.8672,30.8672,28.5356,28.612,28.5236,28.5236,0.555042052766302,0.55480864240755,"WP","WP"
"23","AT37","Albany Thicket",19,176.6464,52.99392,33.562816,1.438,1.6544,1.7588,1.7588,1.7132,1.7096,1.7096,1.7096,0.00969847106988877,0.00967809137350096,"PP","PP"
"24","AT38","Albany Thicket",19,1290.854,387.2562,245.26226,8.1592,8.1592,8.2432,8.2432,151.9332,152.1248,150.9912,150.9912,0.117699755355757,0.116970005903069,"MP","MP"
"25","AT39","Albany Thicket",19,245.8596,73.75788,46.713324,22.8412,22.8412,24.1616,24.1616,24.2844,24.238,24.236,24.236,0.0987734463083809,0.0985765859864736,"MP","MP"
"26","AT40","Albany Thicket",19,596.3172,178.89516,113.300268,5.3468,17.094,16.548,16.548,17.0504,16.998,16.9664,16.9664,0.0285928361616938,0.0284519715346128,"PP","PP"
"27","AT41","Albany Thicket",19,307.5216,92.25648,58.429104,42.0552,42.0552,44.302,44.302,52.998,52.8608,52.8916,52.8916,0.172339113740303,0.171993121783966,"MP","MP"
"28","AT42","Albany Thicket",19,59.8564,17.95692,11.372716,0,0,0,0,0,0,0,0,0,0,"NP","NP"
"29","AT43","Albany Thicket",19,286.2032,85.86096,54.378608,1.2416,1.2416,1.27,1.27,1.2692,1.2696,1.27,1.27,0.0044346114928135,0.00443740670963847,"NP","NP"
"30","AT44","Albany Thicket",19,163.4576,49.03728,31.056944,0,0.0368,0.0368,0.0368,0.0368,0.0368,0.0308,0.0308,0.000225134836189935,0.000188428069419837,"NP","NP"
"31","AT45","Albany Thicket",19,697.0252,209.10756,132.434788,12.8532,12.8532,12.9712,12.9712,125.7248,125.2752,125.2964,125.2964,0.180373392525837,0.179758780600759,"MP","MP"
"32","AT46","Albany Thicket",19,571.8576,171.55728,108.652944,15.6272,56.8852,133.7748,133.8376,134.6692,156.0676,155.7924,155.7924,0.235494290886402,0.272432157935822,"WP","WP"
"33","AT47","Albany Thicket",19,910.5756,273.17268,173.009364,33.202,33.202,33.2096,33.2096,40.1956,40.1976,40.124,40.124,0.0441430673081949,0.0440644357261495,"PP","PP"
"34","AT48","Albany Thicket",19,20.3768,6.11304,3.871592,0,0,0,0,0,0,0,0,0,0,"NP","NP"
"35","AT49","Albany Thicket",19,5647.1168,1694.13504,1072.952192,387.1636,387.6692,397.2308,864.2888,1078.4108,1077.138,1076.0732,1076.0732,0.190966618576049,0.190552672825892,"WP","WP"
"36","AT50","Albany Thicket",19,577.5424,173.26272,109.733056,209.9524,210.8156,213.4548,214.074,214.9372,214.8044,214.8556,214.8556,0.372158303875179,0.372017015547257,"WP","WP"
"37","AT51","Albany Thicket",19,1963.4028,589.02084,373.046532,176.8132,217.3068,217.4312,217.4312,218.2836,218.4792,218.5192,218.5192,0.11117616823201,0.11129616398632,"MP","MP"
"38","AT52","Albany Thicket",19,43.5968,13.07904,8.283392,0,0,0,0,4.3484,4.3476,4.3492,4.3492,0.0997412654139753,0.0997596153846154,"MP","MP"
"39","AT53","Albany Thicket",19,27.1028,8.13084,5.149532,3.7184,3.7184,3.7568,3.7568,3.7472,10.1688,10.124,10.124,0.138258777690866,0.373540741178033,"MP","WP"
"40","AT54","Albany Thicket",19,187.7204,56.31612,35.666876,105.718,105.8636,109.1436,109.1436,109.3936,109.4884,109.5712,109.5712,0.582747533033171,0.583693620938374,"WP","WP"
"41","AT55","Albany Thicket",19,760.3872,228.11616,144.473568,26.2932,29.7992,50.9748,51.0252,51.0324,61.284,61.2612,61.2612,0.0671137020717866,0.0805657959523779,"PP","PP"
"42","AT56","Albany Thicket",19,701.6176,210.48528,133.307344,13.2884,13.3724,13.5524,13.6004,13.5828,14.6768,14.6892,14.6892,0.0193592635076429,0.0209361908823268,"PP","PP"
"43","AT57","Albany Thicket",19,137.0648,41.11944,26.042312,2.4052,3.1676,3.1944,3.1944,3.2164,4.0892,4.0908,4.0908,0.0234662728869848,0.0298457371987556,"PP","PP"
"44","AT58","Albany Thicket",19,2252.3448,675.70344,427.945512,2.074,2.146,2.7736,2.7736,2.7764,2.7764,2.7764,2.7764,0.00123267094807154,0.00123267094807154,"NP","NP"
"45","AZa1","Azonal",31,18.7044,5.61132,5.798364,17.616,17.616,17.8152,17.8152,17.786,17.7732,17.7824,17.7824,0.950899253651547,0.950706785569171,"WP","WP"
"46","AZa2","Azonal",31,350.796,105.2388,108.74676,3.4148,4.9124,4.952,5.1724,5.4068,5.3732,5.3676,5.3676,0.015412946555833,0.0153012006978415,"NP","NP"
"47","AZa3","Azonal",31,870.8164,261.24492,269.953084,12.7292,62.6108,66.0904,66.0904,68.2932,67.716,67.2452,67.2452,0.0784243383565123,0.077220869979022,"PP","PP"
"48","AZa4","Azonal",31,1787.3464,536.20392,554.077384,40.2752,54.9032,56.9776,56.9776,56.5908,56.6548,56.1264,56.1264,0.0316619095212881,0.0314020829985726,"PP","PP"
"49","AZa5","Azonal",31,3235.1676,970.55028,1002.901956,149.7396,215.2416,224.8168,224.8168,228.9448,231.456,222.5304,222.5304,0.0707675237598201,0.0687848134977613,"PP","PP"
"50","AZa6","Azonal",31,653.4064,196.02192,202.555984,14.6356,28.9516,42.8496,47.0088,48.0376,47.8364,47.9452,47.9452,0.0735187166822976,0.0733773039260099,"PP","PP"
"51","AZa7","Azonal",31,1286.1356,385.84068,398.702036,325.89,545.1636,573.7524,573.7524,579.9572,576.1548,572.4796,572.4796,0.450930057452729,0.44511605152676,"WP","WP"
"52","AZd1","Azonal",26,6.4404,1.93212,1.674504,0,0,0,0,0,0,0,0,0,0,"NP","NP"
"53","AZd2","Azonal",26,13.216,3.9648,3.43616,0.0012,0.0012,1.0888,1.0888,1.0884,1.568,1.5672,1.5672,0.0823547215496368,0.118583535108959,"PP","PP"
"54","AZd3","Azonal",20,220.2732,66.08196,44.05464,131.148,133.0556,134.482,134.482,136.4208,137.3084,137.2212,137.2212,0.619325455843017,0.622959125304395,"WP","WP"
"55","AZd4","Azonal",20,28.082,8.4246,5.6164,3.978,16.134,16.1648,16.1912,16.2532,16.13,16.1244,16.1244,0.578776440424471,0.574189872516203,"WP","WP"
"56","AZi1","Azonal",24,1363.9048,409.17144,327.337152,1.7108,1.7108,62.9444,112.02,112.6952,112.6772,112.728,112.728,0.0826268812896619,0.0826509298889483,"PP","PP"
"57","AZi3","Azonal",24,1936.2996,580.88988,464.711904,362.8224,362.8224,362.9096,362.9096,361.6796,360.8652,364.8052,364.8052,0.186789069212223,0.188403282219342,"MP","MP"
"58","AZi5","Azonal",24,5176.9952,1553.09856,1242.478848,0,0,0,0,0,91.4556,91.4492,91.4492,0,0.0176645325071965,"NP","PP"
"59","AZi6","Azonal",24,5302.936,1590.8808,1272.70464,50.1576,71.9848,84.8208,93.784,601.9468,599.284,598.7056,598.7056,0.113511986567441,0.11290077798412,"PP","PP"
"60","AZi7","Azonal",19,2130.1056,639.03168,404.720064,361.1208,404.5604,426.5024,426.5024,434.464,436.3236,433.3208,433.3208,0.203963596922143,0.203426909914701,"WP","WP"
"61","AZi8","Azonal",16,407.1792,122.15376,65.148672,3.0012,1.2692,1.1412,1.366,1.5212,1.6908,2.1884,2.1884,0.00373594721930786,0.00537453779564379,"NP","NP"
"62","AZs3","Azonal",20,12.9664,3.88992,2.59328,8.4884,10.8532,10.8904,10.8904,10.8848,10.8956,10.8844,10.8844,0.839461994076999,0.839431145113524,"WP","WP"
"63","CB1","IOCB",25,2355.7416,706.72248,588.9354,30.6524,385.5804,424.72,424.72,424.9248,424.9528,423.3208,423.3208,0.180378357286724,0.179697467667931,"MP","MP"
"64","CB2","IOCB",25,1122.15,336.645,280.5375,2.2828,190.0228,218.0584,218.0584,217.2732,217.3256,217.2004,217.2004,0.19362224301564,0.193557367553357,"MP","MP"
"65","CB3","IOCB",25,4141.8068,1242.54204,1035.4517,26.5808,37.6016,37.7312,39.3268,43.006,45.1836,46.376,46.376,0.0103833911325849,0.01119704569513,"NP","NP"
"66","CB4","IOCB",25,1299.9024,389.97072,324.9756,91.6556,91.6556,91.6484,93.3988,93.1952,93.1968,93.8464,93.8464,0.0716939979493845,0.0721949586368946,"PP","PP"
"67","CB5","IOCB",25,1650.386,495.1158,412.5965,22.5988,23.9832,24.0792,24.0792,24.022,24.0152,24.016,24.016,0.0145553828013568,0.0145517472882102,"PP","PP"
"68","CB6","IOCB",25,1121.1792,336.35376,280.2948,6.04,6.04,6.1424,6.1424,6.8732,6.8728,6.8704,6.8704,0.00613033135113459,0.00612783398050909,"NP","NP"
"69","Dg1","Desert",34,335.9332,100.77996,114.217288,0,335.6452,335.6464,335.6464,333.0436,333.0292,332.966,332.966,0.991398289898111,0.991167291592495,"WP","WP"
"70","Dg10","Desert",34,2094.682,628.4046,712.19188,0,0,0,0,0,3.302,3.302,3.302,0,0.00157637292916061,"NP","NP"
"71","Dg2","Desert",34,361.43,108.429,122.8862,0,361.4276,361.4276,361.4276,361.4204,361.4016,361.4108,361.4108,0.999973438840163,0.999946877680325,"WP","WP"
"72","Dg3","Desert",34,160.0684,48.02052,54.423256,0,159.6936,159.6936,159.6936,156.5248,156.5216,156.5232,156.5232,0.977861964010386,0.977851968283559,"WP","WP"
"73","Dg4","Desert",34,107.7996,32.33988,36.651864,0,107.52,107.522,107.522,107.2516,107.2448,107.2492,107.2492,0.994916493196635,0.99489422966319,"WP","WP"
"74","Dg5","Desert",34,592.286,177.6858,201.37724,0,128.1884,574.516,574.516,574.246,574.19,574.2272,574.2272,0.969541741658591,0.969510000236372,"WP","WP"
"75","Dg6","Desert",34,8.2236,2.46708,2.796024,0,6.0884,6.0884,6.0884,5.9992,5.9992,6.0024,6.0024,0.729510190184348,0.729899314168977,"WP","WP"
"76","Dg7","Desert",34,247.0048,74.10144,83.981632,0,1.6376,1.6376,1.6376,1.6164,1.6156,1.6168,1.6168,0.00654400238375934,0.00654562178548757,"NP","NP"
"77","Dg8","Desert",34,343.1992,102.95976,116.687728,0,2.5928,2.5928,2.5928,2.5928,2.5928,2.5928,2.5928,0.00755479616502603,0.00755479616502603,"NP","NP"
"78","Dg9","Desert",34,1217.99,365.397,414.1166,0,0,0,0,0,33.1296,33.1296,33.1296,0,0.0272002233187465,"NP","PP"
"79","Dn1","Desert",28,17.0928,5.12784,4.785984,0,0,0,0,0.3056,0.3032,0.3044,0.3044,0.0178788729757559,0.01780866797716,"PP","PP"
"80","Dn2","Desert",36,1.5428,0.46284,0.555408,0,0,0,0,1.0868,1.1028,1.102,1.102,0.704433497536946,0.714285714285714,"WP","WP"
"81","Dn3","Desert",28,139.9224,41.97672,39.178272,0,0,0,0,19.7364,19.7324,19.7236,19.7236,0.141052469082863,0.140960989805778,"MP","MP"
"82","Dn4","Desert",28,217.0148,65.10444,60.764144,0,0,0.4384,0.4384,2.9864,2.9864,2.9708,2.9708,0.0137612734246697,0.0136893889264695,"NP","NP"
"83","Dn5","Desert",28,418.2756,125.48268,117.117168,0,44.0556,44.0008,44.0008,42.3816,42.3448,42.3732,42.3732,0.101324581209136,0.101304498756322,"PP","PP"
"84","FFa1","Fynbos",29,180.0652,54.01956,52.218908,1.2664,1.2664,1.1656,14.704,13.7356,13.4896,13.5708,13.5708,0.076281258122058,0.0753660340809884,"PP","PP"
"85","FFa2","Fynbos",30,501.6496,150.49488,150.49488,14.5088,14.5088,15.1928,18.3056,18.068,18.0292,17.9764,17.9764,0.036017172145657,0.0358345745715735,"PP","PP"
"86","FFa3","Fynbos",30,477.154,143.1462,143.1462,6.526,6.526,41.8368,41.8368,41.8468,41.77,42.5124,42.5124,0.0877008261483714,0.0890957636318673,"PP","PP"
"87","FFa4","Fynbos",30,35.8392,10.75176,10.75176,0.0812,3.476,3.8504,3.8504,3.9684,3.8152,3.8176,3.8176,0.110727918033885,0.10652023482667,"PP","PP"
"88","FFb1","Fynbos",29,279.0688,83.72064,80.929952,201.9148,200.4444,206.8256,211.088,211.0572,211.124,211.312,211.312,0.756290921808529,0.757203958307055,"WP","WP"
"89","FFb2","Fynbos",30,134.5308,40.35924,40.35924,63.1044,63.306,96.9808,96.9808,97.1244,97.3876,97.6704,97.6704,0.721949174464138,0.726007724625142,"WP","WP"
"90","FFb3","Fynbos",27,97.8776,29.36328,26.426952,37.0172,44.5468,89.5984,90.2636,90.202,90.1968,90.2048,90.2048,0.921579605548154,0.921608212706482,"WP","WP"
"91","FFb4","Fynbos",27,61.9624,18.58872,16.729848,44.01,44.01,43.0496,43.424,43.6612,43.6648,43.8512,43.8512,0.704640233431888,0.707706609169432,"WP","WP"
"92","FFb5","Fynbos",27,108.3896,32.51688,29.265192,0,40.5372,44.5404,45.9672,46.9468,46.9588,46.9708,46.9708,0.433130115804468,0.433351539262069,"WP","WP"
"93","FFb6","Fynbos",27,78.0444,23.41332,21.071988,7.1888,7.1888,7.534,7.5472,7.4524,7.4412,7.4156,7.4156,0.095489234333277,0.0950177078688541,"PP","PP"
"94","FFc1","Fynbos",30,869.1648,260.74944,260.74944,37.724,38.6564,42.464,44.4676,43.5352,43.414,43.6776,43.6776,0.0500885447730971,0.0502523802160419,"PP","PP"
"95","FFd1","Fynbos",29,1300.9768,390.29304,377.283272,0,0,100.8832,100.8832,104.0876,104.0916,104.0876,104.0876,0.0800072683848013,0.0800072683848013,"PP","PP"
"96","FFd10","Fynbos",23,151.6788,45.50364,34.886124,24.4892,24.5048,29.4392,29.8196,25.3356,24.964,23.63,23.63,0.167034549323966,0.155789734623428,"MP","MP"
"97","FFd11","Fynbos",36,76.61,22.983,27.5796,2.398,3.0396,3.1136,3.1136,2.7216,2.718,2.7348,2.7348,0.0355253883305052,0.0356976895966584,"PP","PP"
"98","FFd2","Fynbos",29,2055.6608,616.69824,596.141632,0.3248,0.3248,11.5808,11.5808,26.152,25.5748,25.5696,25.5696,0.0127219432311012,0.0124386280071109,"NP","NP"
"99","FFd3","Fynbos",30,1009.5924,302.87772,302.87772,78.4016,78.4016,80.7568,86.7556,92.7892,92.764,92.7536,92.7536,0.0919075856751695,0.0918723239200295,"PP","PP"
"100","FFd4","Fynbos",30,689.0436,206.71308,206.71308,10.152,38.378,45.2328,45.2328,45.7736,55.9592,55.928,55.928,0.0664306293534981,0.0811675777846279,"PP","PP"
"101","FFd5","Fynbos",30,556.9336,167.08008,167.08008,4.16,4.2912,5.822,5.822,9.5608,9.5812,9.5568,9.5568,0.0171668579521868,0.0171596757674524,"PP","PP"
"102","FFd6","Fynbos",30,88.5808,26.57424,26.57424,8.096,18.7484,21.1016,21.1016,20.194,20.3412,20.824,20.824,0.227972653216047,0.235084803930423,"MP","MP"
"103","FFd7","Fynbos",32,247.4448,74.23344,79.182336,3.6132,30.7308,30.7948,30.9704,30.9912,30.9264,30.9552,30.9552,0.125244903105662,0.1250994161122,"PP","PP"
"104","FFd8","Fynbos",30,97.686,29.3058,29.3058,2.1152,2.1152,2.1764,2.1764,2.2252,2.162,2.1536,2.1536,0.0227791085723645,0.0220461478615155,"PP","PP"
"105","FFd9","Fynbos",32,517.29,155.187,165.5328,32.9928,33.3684,33.7232,33.7232,33.6336,33.5016,33.4132,33.4132,0.0650188482282665,0.0645927816118618,"PP","PP"
"106","FFf1","Fynbos",30,694.0016,208.20048,208.20048,3.0608,26.4856,28.7352,29.0964,32.398,32.2848,32.2908,32.2908,0.0466828894918974,0.0465284229892265,"PP","PP"
"107","FFf2","Fynbos",30,40.588,12.1764,12.1764,2.1316,2.1316,2.18,2.18,2.1892,2.1892,2.1836,2.1836,0.0539371242731842,0.0537991524588548,"PP","PP"
"108","FFg1","Fynbos",27,64.8176,19.44528,17.500752,0,0,0,0,0,0,0,0,0,0,"NP","NP"
"109","FFg2","Fynbos",30,523.9892,157.19676,157.19676,119.786,140.1972,174.33,176.8328,177.0092,176.8376,176.2468,176.2468,0.337810779306138,0.336355787485696,"WP","WP"
"110","FFg3","Fynbos",30,91.7956,27.53868,27.53868,5.3796,25.5764,28.3692,28.3692,27.2688,27.1452,27.134,27.134,0.297059989803433,0.295591509832715,"MP","MP"
"111","FFg4","Fynbos",30,16.934,5.0802,5.0802,7.0232,7.0232,7.022,7.022,7.03,7.03,7.028,7.028,0.415141136175741,0.415023030589347,"WP","WP"
"112","FFg5","Fynbos",23,498.2224,149.46672,114.591152,4.3152,4.4028,4.9476,4.9476,4.7756,4.5652,4.49,4.49,0.00958527757884832,0.00901203960319729,"NP","NP"
"113","FFh1","Fynbos",29,427.9772,128.39316,124.113388,74.3164,74.3164,74.6608,76.1076,76.2716,76.2172,76.2316,76.2316,0.178214166549059,0.178120703626268,"MP","MP"
"114","FFh10","Fynbos",23,283.2676,84.98028,65.151548,121.6492,123.9784,123.9372,123.9372,130.974,130.9644,130.928,130.928,0.462368445950049,0.462206055334249,"WP","WP"
"115","FFh11","Fynbos",30,12.6292,3.78876,3.78876,0.422,5.4944,6.2544,6.2544,5.9076,5.8472,5.978,5.978,0.467773097266652,0.47334748044215,"WP","WP"
"116","FFh2","Fynbos",27,106.534,31.9602,28.76418,30.8076,30.8076,32.498,32.498,38.0944,38.0956,38.0964,38.0964,0.357579739801378,0.357598513150731,"WP","WP"
"117","FFh3","Fynbos",27,75.1268,22.53804,20.284236,1.8364,1.8364,8.506,8.506,8.508,8.5088,8.5088,8.5088,0.11324853447771,0.113259183141036,"PP","PP"
"118","FFh4","Fynbos",30,316.876,95.0628,95.0628,90.202,88.5692,92.1796,93.1904,93.3272,93.1584,93.1216,93.1216,0.29452277862634,0.29387394438203,"MP","MP"
"119","FFh5","Fynbos",30,84.0044,25.20132,25.20132,25.1796,25.7608,31.566,31.566,30.444,30.1536,30.8628,30.8628,0.362409588069196,0.367395041212127,"WP","WP"
"120","FFh6","Fynbos",30,279.4916,83.84748,83.84748,12.0204,12.0204,31.0744,31.0744,41.4608,32.5148,33.5556,33.5556,0.148343635372226,0.120059422179414,"PP","PP"
"121","FFh7","Fynbos",30,266.618,79.9854,79.9854,17.828,17.828,17.79,17.79,17.9416,17.9324,18.8992,18.8992,0.0672932810237868,0.0708849365009114,"PP","PP"
"122","FFh8","Fynbos",30,186.7676,56.03028,56.03028,6.8508,6.8508,23.7992,23.7992,23.814,23.8168,23.8148,23.8148,0.127506055654193,0.127510339052384,"PP","PP"
"123","FFh9","Fynbos",23,563.6392,169.09176,129.637016,43.4964,43.5448,45.4064,45.4064,43.1176,42.9572,42.8756,42.8756,0.0764985827813254,0.0760692301032292,"PP","PP"
"124","FFl1","Fynbos",32,286.9588,86.08764,91.826816,8.5292,38.2184,40.9272,41.036,41.2852,41.232,41.2248,41.2248,0.143871524413958,0.143661041236582,"PP","PP"
"125","FFl2","Fynbos",32,694.2568,208.27704,222.162176,200.1832,200.1832,201.2064,201.2064,201.0696,201.0768,201.0508,201.0508,0.289618481230576,0.289591401913528,"MP","MP"
"126","FFl3","Fynbos",32,791.6736,237.50208,253.335552,1.0084,4.0444,13.4056,13.4056,13.4588,13.4492,13.4592,13.4592,0.0170004405856151,0.017000945844348,"PP","PP"
"127","FFq1","Fynbos",28,49.024,14.7072,13.72672,0,14.782,49.024,49.024,49.024,49.024,49.024,49.024,1,1,"WP","WP"
"128","FFq2","Fynbos",29,1646.1872,493.85616,477.394288,198.422,297.0232,306.8412,409.9452,409.0328,408.992,409.022,409.022,0.248472834681256,0.248466274066522,"MP","MP"
"129","FFq3","Fynbos",27,1268.0852,380.42556,342.383004,66.24,73.526,97.34,97.34,113.0252,113.0308,113.0328,113.0328,0.0891306041581433,0.0891365974462915,"PP","PP"
"130","FFq4","Fynbos",30,97.856,29.3568,29.3568,3.2208,7.3568,7.3568,7.3568,7.3916,7.3956,7.3956,7.3956,0.075535480706344,0.0755763570961413,"PP","PP"
"131","FFq5","Fynbos",23,388.8108,116.64324,89.426484,0,0,0,0,0,0,0,0,0,0,"NP","NP"
"132","FFq6","Fynbos",23,683.2776,204.98328,157.153848,121.7184,121.7184,121.7196,122.3332,154.6236,154.616,154.6288,154.6288,0.226296896020007,0.226304506396814,"MP","MP"
"133","FFs1","Fynbos",29,1014.1516,304.24548,294.103964,26.9528,75.3328,75.0624,75.0624,75.3156,75.3164,75.3128,75.3128,0.0742646365691283,0.0742618756406833,"PP","PP"
"134","FFs10","Fynbos",30,1050.6224,315.18672,315.18672,403.4868,404.0864,931.8092,931.8092,931.5164,931.2852,931.24,931.24,0.886632913975563,0.886369831825402,"WP","WP"
"135","FFs11","Fynbos",30,914.2348,274.27044,274.27044,390.6676,394.7332,693.26,693.2656,694.9588,698.0676,698.2996,698.2996,0.760153518549064,0.763807722042521,"WP","WP"
"136","FFs12","Fynbos",30,1179.408,353.8224,353.8224,57.2772,132.258,136.0524,136.0524,136.7548,137.3536,137.3536,137.3536,0.115952070869453,0.116459783213273,"PP","PP"
"137","FFs13","Fynbos",30,531.504,159.4512,159.4512,370.984,378.4064,377.8608,377.8608,377.4116,377.3436,377.366,377.366,0.710082332400133,0.709996538125771,"WP","WP"
"138","FFs14","Fynbos",30,358.8828,107.66484,107.66484,267.0584,266.3848,266.608,266.608,266.3824,266.3556,274.068,274.068,0.742254574473895,0.763669922325617,"WP","WP"
"139","FFs15","Fynbos",30,993.5776,298.07328,298.07328,579.5916,579.5916,576.354,576.354,576.9024,576.864,576.886,576.886,0.580631447407832,0.580614941399645,"WP","WP"
"140","FFs16","Fynbos",30,1215.3228,364.59684,364.59684,910.8832,913.828,904.4524,911.3572,911.1492,911.188,911.92,911.92,0.749717852738383,0.750352087527692,"WP","WP"
"141","FFs17","Fynbos",30,107.4468,32.23404,32.23404,54.1304,54.1304,54.3128,54.3128,54.3268,54.2924,54.238,54.238,0.505615802425014,0.504789346914008,"WP","WP"
"142","FFs18","Fynbos",23,878.8052,263.64156,202.125196,97.9436,97.9436,97.8868,97.8868,98.232,98.6332,98.6244,98.6244,0.111779038175923,0.112225553512883,"PP","PP"
"143","FFs19","Fynbos",23,1571.0644,471.31932,361.344812,508.574,509.646,539.946,543.2476,534.3924,533.6832,530.078,530.078,0.340146718364951,0.337400554681272,"WP","WP"
"144","FFs2","Fynbos",29,1343.1468,402.94404,389.512572,61.6912,61.8928,68.8184,68.8796,69.0448,68.5176,68.5132,68.5132,0.0514052522032588,0.0510094652349244,"PP","PP"
"145","FFs20","Fynbos",23,2298.4988,689.54964,528.654724,813.2752,813.8412,818.7324,821.28,818.8812,818.7956,818.0088,818.0088,0.356267838817232,0.355888286737413,"WP","WP"
"146","FFs21","Fynbos",27,318.3396,95.50188,85.951692,64.3268,152.4576,184.7868,198.754,198.7044,199.5928,199.6164,199.6164,0.624190015945236,0.627054881013861,"WP","WP"
"147","FFs22","Fynbos",27,388.3256,116.49768,104.847912,143.5132,176.7732,176.8764,190.5092,190.5016,218.052,218.0624,218.0624,0.490571829413255,0.561545259957108,"WP","WP"
"148","FFs23","Fynbos",27,852.1924,255.65772,230.091948,155.664,167.0008,691.4084,691.4084,691.2464,691.1756,691.2456,691.2456,0.811138893048096,0.811137954292951,"WP","WP"
"149","FFs24","Fynbos",27,1084.7884,325.43652,292.892868,434.5812,432.604,878.1688,878.1688,877.9568,877.9476,878.0028,878.0028,0.809334613091364,0.809377017674599,"WP","WP"
"150","FFs25","Fynbos",27,332.5684,99.77052,89.793468,263.4604,263.4604,263.4444,263.4444,263.65,263.6432,263.6604,263.6604,0.792769246867712,0.792800518630152,"WP","WP"
"151","FFs26","Fynbos",27,304.1844,91.25532,82.129788,214.5488,214.5488,214.5692,214.5692,215.0224,214.9932,214.9872,214.9872,0.706881746729944,0.706766027449139,"WP","WP"
"152","FFs27","Fynbos",23,2402.9412,720.88236,552.676476,92.3996,1026.7664,1063.0044,1084.7972,1110.2124,1110.1592,1109.9312,1109.9312,0.462022291681544,0.461905268426876,"WP","WP"
"153","FFs28","Fynbos",23,4052.18,1215.654,932.0014,186.3508,804.986,989.444,1013.7916,1074.8516,1074.754,1074.6632,1074.6632,0.265252678804989,0.265206185312597,"WP","WP"
"154","FFs29","Fynbos",23,334.1964,100.25892,76.865172,5.4144,5.4144,5.7352,6.4768,6.2952,6.2888,6.3204,6.3204,0.018836827685756,0.0189122324477463,"PP","PP"
"155","FFs3","Fynbos",29,498.2384,149.47152,144.489136,340.2496,340.2496,344.424,344.424,344.8932,344.6436,344.5972,344.5972,0.692225247993732,0.69163115488489,"WP","WP"
"156","FFs30","Fynbos",29,37.5252,11.25756,10.882308,33.9664,33.9664,37.5052,37.5052,37.4712,37.4688,37.4708,37.4708,0.998560967030156,0.998550307526675,"WP","WP"
"157","FFs31","Fynbos",29,50.8348,15.25044,14.742092,7.2852,7.2852,50.8132,50.8132,50.8064,50.7708,50.808,50.808,0.999441327594483,0.999472802096202,"WP","WP"
"158","FFs32","Fynbos",29,547.9488,164.38464,158.905152,0.004,0.004,0.004,0.004,0.004,0.004,0.004,0.004,7.29995211231414e-06,7.29995211231414e-06,"NP","NP"
"159","FFs4","Fynbos",29,2523.64,757.092,731.8556,1320.1012,1307.1612,1369.7888,1435.9436,1433.9316,1432.4676,1432.3928,1432.3928,0.568199743228036,0.567589989063416,"WP","WP"
"160","FFs5","Fynbos",29,1135.986,340.7958,329.43594,888.738,888.738,919.5808,919.5808,919.3036,919.4328,919.4776,919.4776,0.809256099987148,0.809409270888902,"WP","WP"
"161","FFs6","Fynbos",29,422.8764,126.86292,122.634156,0,0,7.9204,7.9204,37.0956,37.0348,36.9848,36.9848,0.0877220861698596,0.0874600710751416,"PP","PP"
"162","FFs7","Fynbos",29,394.0712,118.22136,114.280648,254.0436,254.0436,311.1912,311.1912,311.3648,311.3368,311.4208,311.4208,0.790123206161729,0.790265312461301,"WP","WP"
"163","FFs8","Fynbos",29,319.7464,95.92392,92.726456,250.026,250.026,290.9528,290.9528,291.014,290.9736,290.9412,290.9412,0.910140035978513,0.909912355541767,"WP","WP"
"164","FFs9","Fynbos",30,219.4464,65.83392,65.83392,98.5304,180.9868,190.7712,190.7712,190.1376,190.0676,190.154,190.154,0.866442101579247,0.866516835090482,"WP","WP"
"165","FFt1","Fynbos",27,404.9544,121.48632,109.337688,26.9664,26.9664,47.6112,47.6112,47.8348,47.8352,47.8364,47.8364,0.118123917162031,0.118127868224175,"PP","PP"
"166","FFt2","Fynbos",23,211.1624,63.34872,48.567352,22.628,22.628,22.7512,22.7512,22.7296,22.7376,22.7556,22.7556,0.107640375369858,0.107763503350975,"PP","PP"
"167","FOa1","Forest",36,132.5436,39.76308,47.715696,64.7696,51.7312,51.7456,51.7456,51.848,53.1356,52.8732,52.8732,0.391176941021671,0.398911754320842,"WP","WP"
"168","FOa2","Forest",35,100.502,30.1506,35.1757,8.2672,44.8808,43.8972,43.8988,45.8088,45.7084,45.7068,45.7068,0.455799884579411,0.454784979403395,"WP","WP"
"169","FOa3","Forest",26,23.8196,7.14588,6.193096,6.9008,9.3028,9.4056,9.4104,9.6468,9.6352,9.6332,9.6332,0.40499420645183,0.404423248081412,"WP","WP"
"170","FOz1","Forest",22,788.0828,236.42484,173.378216,441.5968,445.356,468.3308,468.6936,492.418,491.854,493.5292,493.5292,0.62483028433053,0.626240288457,"WP","WP"
"171","FOz2","Forest",22,214.0732,64.22196,47.096104,34.7828,58.38,74.9524,85.4796,87.6284,88.132,90.2056,90.2324,0.409338487956456,0.421502551463705,"WP","WP"
"172","FOz3","Forest",20,1062.2748,318.68244,212.45496,92.6892,128.9728,156.9212,173.2892,173.3004,176.3168,179.9508,181.2916,0.163140837003758,0.170663560878974,"MP","MP"
"173","FOz4","Forest",22,379.0448,113.71344,83.389856,172.9972,177.0272,185.848,192.9832,204.7088,213.176,215.5628,215.5628,0.540064921085845,0.568700058673803,"WP","WP"
"174","FOz5","Forest",22,825.652,247.6956,181.64344,145.4892,200.702,202.2668,202.6396,205.8544,230.8432,230.8768,230.8768,0.249323443775344,0.279629674487557,"WP","WP"
"175","FOz6","Forest",21,185.2344,55.57032,38.899224,90.9884,91.7008,92.2012,92.2012,93.246,93.2168,93.2232,93.2232,0.503394617846361,0.503271530558039,"WP","WP"
"176","FOz7","Forest",18,680.3856,204.11568,122.469408,66.4324,345.1144,338.9584,340.0028,365.2484,363.1912,362.33,362.33,0.53682558831345,0.532536255911354,"WP","WP"
"177","FOz8","Forest",36,265.4912,79.64736,95.576832,92.3592,109.404,111.0092,111.0092,111.2056,111.4124,111.2492,111.2492,0.418867367355302,0.419031591254249,"WP","WP"
"178","FOz9","Forest",36,68.7992,20.63976,24.767712,35.7032,31.5028,31.5016,31.5016,32.3496,32.3496,32.3496,32.3496,0.470203141896999,0.470203141896999,"WP","WP"
"179","FRa1","Fynbos",27,497.676,149.3028,134.37252,4.9144,4.7764,4.5768,4.5768,4.6368,4.642,4.646,4.646,0.00931690497432064,0.00933539089688874,"NP","NP"
"180","FRa2","Fynbos",26,63.072,18.9216,16.39872,0,0,0,0,0.2372,0.2344,0.2316,0.2316,0.00376078132927448,0.00367199391171994,"NP","NP"
"181","FRc1","Fynbos",26,101.0616,30.31848,26.276016,0.0832,0.2744,0.2788,0.2788,0.7388,0.732,0.7224,0.7224,0.00731039286929952,0.00714811560474008,"NP","NP"
"182","FRc2","Fynbos",27,209.756,62.9268,56.63412,0.322,0.6336,0.6088,0.6784,0.7008,0.6888,0.6896,0.6896,0.00334102480977898,0.00328762943610671,"NP","NP"
"183","FRd1","Fynbos",27,219.4944,65.84832,59.263488,7.0496,7.0496,7.0528,7.0528,7.066,7.066,7.066,7.066,0.0321921652670865,0.0321921652670865,"PP","PP"
"184","FRd2","Fynbos",27,578.926,173.6778,156.31002,2.4464,2.4464,2.4464,2.4464,2.4464,2.4464,2.4464,2.4464,0.00422575596881121,0.00422575596881121,"NP","NP"
"185","FRg1","Fynbos",27,305.5396,91.66188,82.495692,2.8708,2.8708,2.8688,2.8688,2.8704,2.8704,3.49,3.49,0.00939452692875162,0.0114224146395426,"NP","NP"
"186","FRg2","Fynbos",26,951.3408,285.40224,247.348608,4.0312,7.274,7.7848,7.9684,8.674,8.5104,8.5132,8.5132,0.00911765794129717,0.00894863333938794,"NP","NP"
"187","FRg3","Fynbos",27,19.1756,5.75268,5.177412,5.5196,5.5196,5.5196,5.5196,5.5196,5.5196,5.5196,5.5196,0.287844969648929,0.287844969648929,"WP","WP"
"188","FRl1","Fynbos",29,501.6888,150.50664,145.489752,1.7824,1.7824,13.822,13.822,13.818,13.814,13.8112,13.8112,0.0275429708616178,0.0275294166423488,"PP","PP"
"189","FRs1","Fynbos",27,207.306,62.1918,55.97262,2.1336,14.0476,14.048,14.048,14.0456,14.0308,14.0524,14.0524,0.0677529835122958,0.0677857852642953,"PP","PP"
"190","FRs10","Fynbos",26,25.2736,7.58208,6.571136,0.5968,2.1672,2.3116,2.3116,2.0908,2.0648,2.0612,2.0612,0.082726639655609,0.0815554570777412,"PP","PP"
"191","FRs11","Fynbos",27,1193.6704,358.10112,322.291008,0.8728,6.0696,5.674,5.674,6.16,6.0284,8.6828,8.6828,0.00516055353303559,0.0072740347754288,"NP","NP"
"192","FRs12","Fynbos",27,2027.506,608.2518,547.42662,1.0404,8.1004,8.5388,8.5388,9.864,9.8232,9.8208,9.8208,0.00486509041156968,0.00484378344626354,"NP","NP"
"193","FRs13","Fynbos",27,2762.57,828.771,745.8939,7.2368,10.9764,11.6196,12.1236,13.5936,13.4244,13.6284,13.6284,0.00492063549520917,0.00493323246107791,"NP","NP"
"194","FRs14","Fynbos",27,866.5308,259.95924,233.963316,1.3536,1.584,1.5784,1.5784,1.576,1.576,1.576,1.576,0.0018187466619767,0.0018187466619767,"NP","NP"
"195","FRs15","Fynbos",29,276.4104,82.92312,80.159016,3.2052,3.2052,26.1576,26.1576,26.158,26.1592,26.1536,26.1536,0.0946346447166966,0.094618726357619,"PP","PP"
"196","FRs16","Fynbos",29,1347.8644,404.35932,390.880676,1.2056,1.626,32.5628,32.5628,32.85,32.83,32.8172,32.8172,0.0243718878545943,0.0243475530624594,"PP","PP"
"197","FRs17","Fynbos",29,207.1384,62.14152,60.070136,0,0,0,0.8684,0.8924,0.8884,0.8892,0.8892,0.00430823063227292,0.00429278202399941,"NP","NP"
"198","FRs18","Fynbos",29,118.7224,35.61672,34.429496,0,15.424,54.8204,78.7256,82.4928,82.4928,82.4924,82.4924,0.694837705437222,0.694834336233095,"WP","WP"
"199","FRs19","Fynbos",29,373.15,111.945,108.2135,0.1432,0.1432,0.1432,0.1432,0.1428,0.5264,0.526,0.526,0.000382687927107061,0.00140962079592657,"NP","NP"
"200","FRs2","Fynbos",27,218.8368,65.65104,59.085936,0.186,0.186,0.1824,0.1824,0.188,0.188,0.188,0.188,0.000859087685434991,0.000859087685434991,"NP","NP"
"201","FRs20","Fynbos",28,46.9912,14.09736,13.157536,0,0,0,0,0,0,0,0,0,0,"NP","NP"
"202","FRs3","Fynbos",27,3217.472,965.2416,868.71744,109.4468,109.4468,109.3356,109.3356,109.6244,109.6648,109.6292,109.6292,0.0340715940962346,0.0340730859507091,"PP","PP"
"203","FRs4","Fynbos",27,491.7496,147.52488,132.772392,7.3196,7.3196,7.8232,7.8232,7.6756,7.6504,7.6428,7.6428,0.0156087569771282,0.0155420563636452,"PP","PP"
"204","FRs5","Fynbos",27,1236.5136,370.95408,333.858672,0,0,0,0,0,0,0,0,0,0,"NP","NP"
"205","FRs6","Fynbos",27,2095.8456,628.75368,565.878312,207.9028,207.9028,225.9248,225.9248,249.1404,249.1552,249.0972,249.0972,0.118873451364929,0.118852839159526,"PP","PP"
"206","FRs7","Fynbos",27,1607.8492,482.35476,434.119284,62.1476,51.0972,94.8788,96.4652,96.5396,97.3812,98.726,98.726,0.0600426955463236,0.0614025245651147,"PP","PP"
"207","FRs8","Fynbos",27,1049.7592,314.92776,283.434984,72.1936,66.0808,65.7388,66.2408,66.648,68.3552,69.048,69.048,0.0634888458229278,0.0657750844193602,"PP","PP"
"208","FRs9","Fynbos",26,4963.7544,1489.12632,1290.576144,18.0556,20.7548,49.862,49.9452,56.8308,56.0692,56.1972,56.1972,0.0114491563079753,0.0113215109917606,"NP","NP"
"209","FS1","Fynbos",24,354.2776,106.28328,85.026624,0.1632,21.3056,25.5836,25.5836,25.4848,25.4672,25.4496,25.4496,0.0719345507590658,0.0718351936447577,"PP","PP"
"210","FS10","Fynbos",36,322.876,96.8628,116.23536,109.0076,146.3572,146.4388,146.4388,146.2728,146.296,146.2992,146.2992,0.453030884921766,0.453112650057607,"WP","WP"
"211","FS11","Fynbos",36,39.6004,11.88012,14.256144,3.4064,9.8608,9.8608,9.8608,9.8304,9.8428,9.8304,9.8304,0.248239916768517,0.248239916768518,"MP","MP"
"212","FS12","Fynbos",36,119.0592,35.71776,42.861312,13.9188,13.9412,14.0708,17.1124,17.6916,17.692,17.7036,17.7036,0.14859498467989,0.14869577487502,"PP","PP"
"213","FS13","Fynbos",36,41.644,12.4932,14.99184,14.1952,30.0172,31.2804,31.2804,30.72,30.7244,30.6664,30.6664,0.737681298626453,0.736394198443953,"WP","WP"
"214","FS14","Fynbos",36,96.9252,29.07756,34.893072,7.264,9.0148,9.0584,9.0584,9.9908,9.7844,9.786,9.786,0.103077424653238,0.100964455064318,"PP","PP"
"215","FS2","Fynbos",24,298.8244,89.64732,71.717856,17.7912,26.272,27.3092,27.3092,27.1188,27.1124,27.1088,27.1088,0.0907516253692804,0.0907181608998462,"PP","PP"
"216","FS3","Fynbos",24,1643.4048,493.02144,394.417152,70.726,83.034,72.9316,74.586,73.4936,73.3868,73.3668,73.3668,0.044720326969959,0.0446431700820151,"PP","PP"
"217","FS4","Fynbos",24,61.564,18.4692,14.77536,8.8792,9.7936,9.7724,9.7724,9.9444,9.9376,9.922,9.922,0.161529465271912,0.161165616269248,"MP","MP"
"218","FS5","Fynbos",24,344.3644,103.30932,82.647456,173.0056,178.2204,180.0164,180.0164,181.9976,182.0656,181.93,181.93,0.528502946297585,0.528306642614626,"WP","WP"
"219","FS6","Fynbos",24,398.9228,119.67684,95.741472,16.0288,44.6076,48.5088,48.5088,71.9256,82.0948,76.6184,76.6184,0.180299546679207,0.192063226268341,"MP","MP"
"220","FS7","Fynbos",36,46.8288,14.04864,16.858368,10.2692,15.0108,15.1448,15.1448,15.3184,15.2868,15.2868,15.2868,0.327114937816045,0.326440139401394,"MP","MP"
"221","FS9","Fynbos",36,27.99,8.397,10.0764,0.2408,0.5668,0.7128,0.7128,0.5672,0.562,0.5648,0.5648,0.0202643801357628,0.0201786352268667,"PP","PP"
"222","Gd1","Grassland",27,5026.9468,1508.08404,1357.275636,101.3592,102.4552,105.4144,119.5356,119.3856,119.2644,119.0104,119.0104,0.0237491274027408,0.0236744896524467,"PP","PP"
"223","Gd10","Grassland",27,78.8828,23.66484,21.298356,47.4236,47.4236,55.1024,55.1024,54.9788,55.0252,53.3128,53.3128,0.696968160359419,0.675848220397856,"WP","WP"
"224","Gd2","Grassland",27,158.3236,47.49708,42.747372,0,0,0,0,0,0,0,0,0,0,"NP","NP"
"225","Gd3","Grassland",27,2966.1812,889.85436,800.868924,0,0,0,0,0,0,0,0,0,0,"NP","NP"
"226","Gd4","Grassland",27,6646.0524,1993.81572,1794.434148,604.6852,604.6852,612.52,626.6856,637.126,637.1008,648.6392,648.6392,0.0958653290184712,0.0975976656458502,"PP","PP"
"227","Gd5","Grassland",27,1218.5104,365.55312,328.997808,409.158,412.6492,482.6388,483.5712,483.7324,483.7484,483.49,483.49,0.396986681443179,0.39678775002659,"WP","WP"
"228","Gd6","Grassland",27,17.5824,5.27472,4.747248,13.3936,13.3936,13.502,13.502,13.51,13.51,13.51,13.51,0.768382018382018,0.768382018382018,"WP","WP"
"229","Gd7","Grassland",27,1343.4028,403.02084,362.718756,1035.1632,1035.1632,1068.9608,1068.9608,1068.9264,1068.9288,1068.9156,1068.9156,0.795685702009851,0.795677662723347,"WP","WP"
"230","Gd8","Grassland",27,4028.32,1208.496,1087.6464,178.8384,195.9112,197.524,226.7688,226.7012,226.6984,257.9892,257.9892,0.0562768598323867,0.0640438694046153,"PP","PP"
"231","Gh1","Grassland",24,8370.6212,2511.18636,2008.949088,254.4572,300.2276,300.218,345.8444,2312.8912,2311.8884,2311.708,2311.708,0.276310580151447,0.276169228635027,"WP","WP"
"232","Gh10","Grassland",24,25965.724,7789.7172,6231.77376,149.3372,225.8708,229.3796,229.3796,235.206,231.1332,229.7292,229.7292,0.00905832627659448,0.00884740205973074,"NP","NP"
"233","Gh11","Grassland",24,923.5568,277.06704,221.653632,0,3.3864,3.3888,3.3888,3.3912,3.3912,3.3912,3.3912,0.00367189110621025,0.00367189110621025,"NP","NP"
"234","Gh12","Grassland",24,329.4952,98.84856,79.078848,0,0,0.246,0.246,0.2484,0.2488,0.2496,0.2496,0.000753880481415207,0.000757522416108034,"NP","NP"
"235","Gh13","Grassland",24,3766.2224,1129.86672,903.893376,55.252,55.2604,55.2408,55.2408,55.4076,55.3888,55.3868,55.3868,0.0147117175023971,0.0147061947271091,"PP","PP"
"236","Gh14","Grassland",24,9187.4096,2756.22288,2204.978304,101.7024,101.7024,68.1548,68.1548,68.42,68.2232,67.8892,67.8892,0.00744714810581646,0.00738937338768482,"NP","NP"
"237","Gh15","Grassland",24,8598.4796,2579.54388,2063.635104,252.1688,252.1688,471.7488,471.914,591.546,607.8888,609.1192,609.1192,0.0687965812002392,0.0708403378662432,"PP","PP"
"238","Gh2","Grassland",24,7162.5576,2148.76728,1719.013824,18.1824,62.6144,65.3408,65.3408,76.1952,76.0388,75.3636,75.3636,0.0106379877489572,0.0105218839706085,"NP","NP"
"239","Gh3","Grassland",24,13392.4368,4017.73104,3214.184832,186.5196,312.5096,369.582,369.582,383.6644,390.4136,360.0388,360.0388,0.028647840996345,0.0268837408290028,"PP","PP"
"240","Gh4","Grassland",28,9677.7704,2903.33112,2709.775712,296.0196,461.0572,535.6348,535.6348,545.096,551.67,542.6172,542.6172,0.0563245435126256,0.0560684101371118,"PP","PP"
"241","Gh5","Grassland",24,4949.5984,1484.87952,1187.903616,12.146,47.1032,86.5644,86.5644,88.7288,87.8412,87.7156,87.7156,0.0179264644986147,0.017721761022066,"PP","PP"
"242","Gh6","Grassland",24,16012.9004,4803.87012,3843.096096,206.1336,357.7324,383.4952,383.4952,402.8372,404.422,389.064,389.064,0.0251570415063595,0.0242969100088826,"PP","PP"
"243","Gh7","Grassland",28,1571.9508,471.58524,440.146224,29.9984,68.1944,73.7668,73.7668,71.3968,71.6092,71.5644,71.5644,0.045419233222821,0.0455258523358365,"PP","PP"
"244","Gh8","Grassland",28,80.4668,24.14004,22.530704,1.55,12.662,13.7984,13.7984,13.4708,13.486,13.516,13.516,0.167408173308743,0.167969895658831,"MP","MP"
"245","Gh9","Grassland",24,7074.3048,2122.29144,1697.833152,5.0848,155.5052,172.1992,172.1992,173.0544,172.5552,172.7236,172.7236,0.0244623895764288,0.0244156287978997,"PP","PP"
"246","Gm1","Grassland",24,3571.9108,1071.57324,857.258592,0,15.7708,15.4388,15.4388,15.888,15.7684,15.7444,15.7444,0.00444803940792698,0.00440783683623902,"NP","NP"
"247","Gm10","Grassland",24,1093.2008,327.96024,262.368192,12.5024,12.6204,47.5676,47.5676,48.2248,56.5452,56.274,56.274,0.0441133961848546,0.0514763618906975,"PP","PP"
"248","Gm11","Grassland",24,10508.8704,3152.66112,2522.128896,104.4292,151.804,152.544,193.6384,198.6172,195.6912,211.8872,211.8872,0.018899957125744,0.0201626998844709,"PP","PP"
"249","Gm12","Grassland",24,12772.3408,3831.70224,3065.361792,69.7908,98.478,99.6476,494.258,496.1764,490.846,480.0412,480.0412,0.0388477263306347,0.0375844340138497,"PP","PP"
"250","Gm13","Grassland",27,3927.052,1178.1156,1060.30404,64.938,73.5252,73.0516,73.0516,162.7804,161.2244,165.756,165.756,0.0414510426650831,0.0422087611775958,"PP","PP"
"251","Gm14","Grassland",27,3750.41,1125.123,1012.6107,22.4244,40.0552,256.61,342.4104,354.3916,354.6432,501.3848,501.3848,0.0944940953122459,0.133687996779019,"PP","PP"
"252","Gm15","Grassland",24,4216.8496,1265.05488,1012.043904,41.5116,50.8172,83.0924,164.2448,158.744,158.84,238.1564,245.7596,0.0376451652437403,0.0582803806898875,"PP","PP"
"253","Gm16","Grassland",24,6124.0568,1837.21704,1469.773632,78.3632,84.26,81.1632,86.4512,84.8548,106.9712,105.6344,105.6344,0.0138559786055544,0.0172490888719386,"PP","PP"
"254","Gm17","Grassland",27,1087.416,326.2248,293.60232,291.4564,376.2916,377.5196,396.9432,423.4328,496.5564,493.8788,493.8788,0.389393571549435,0.454176506507169,"WP","WP"
"255","Gm19","Grassland",24,1380.852,414.2556,331.40448,8.678,8.678,8.1864,8.1864,8.3032,15.1624,15.1184,15.1184,0.00601309915906991,0.01094860274671,"NP","NP"
"256","Gm2","Grassland",28,720.6988,216.20964,201.795664,0,0,0,0,0,0,0,0,0,0,"NP","NP"
"257","Gm20","Grassland",24,20.3384,6.10152,4.881216,0,0,0,0,0,0,0,0,0,0,"NP","NP"
"258","Gm21","Grassland",24,1551.0772,465.32316,372.258528,111.1552,128.2248,124.358,181.6872,178.8688,178.7184,178.3104,178.3104,0.115319082763901,0.114959074893242,"PP","PP"
"259","Gm22","Grassland",27,939.1744,281.75232,253.577088,20.5352,20.5352,21.806,24.1688,27.5796,27.5964,31.8124,31.8124,0.0293657919125564,0.0338727290692762,"PP","PP"
"260","Gm23","Grassland",27,1373.9432,412.18296,370.964664,288.5444,288.5444,298.482,313.2064,328.6968,340.7832,358.0672,358.0672,0.239236090691376,0.260612811359305,"MP","MP"
"261","Gm24","Grassland",27,10.0012,3.00036,2.700324,7.1124,7.1124,7.3132,7.5132,7.4924,7.4924,7.4924,7.4924,0.749150101987761,0.749150101987761,"WP","WP"
"262","Gm25","Grassland",27,430.6344,129.19032,116.271288,10.28,10.28,12.096,12.096,11.8996,11.8684,11.7476,11.7476,0.0276327204700786,0.0272797528483558,"PP","PP"
"263","Gm26","Grassland",27,260.5796,78.17388,70.356492,116.0652,116.0652,115.7884,115.7884,116.0644,116.0984,116.0992,116.0992,0.445408619861263,0.44554216830481,"WP","WP"
"264","Gm27","Grassland",24,268.0664,80.41992,64.335936,70.718,70.718,72.8128,72.8128,72.6588,72.644,72.5256,72.5256,0.271047770253937,0.270550878439073,"WP","WP"
"265","Gm28","Grassland",24,93.8756,28.16268,22.530144,0,5.3328,5.3328,26.8712,26.7548,28.386,28.3832,28.3832,0.285002705708406,0.302349066211028,"WP","WP"
"266","Gm29","Grassland",24,523.222,156.9666,125.57328,17.3936,127.284,127.282,127.9588,128.1164,128.1076,137.5036,137.5036,0.244860498985134,0.262801640603797,"WP","WP"
"267","Gm3","Grassland",24,14029.2096,4208.76288,3367.010304,24.3192,115.7444,147.4632,147.4632,154.0608,152.4944,151.0948,151.0948,0.0109814311990891,0.010770015154667,"NP","NP"
"268","Gm30","Grassland",24,3858.6324,1157.58972,926.071776,84.812,144.4656,144.1776,144.3644,330.7524,330.6024,328.0176,328.0176,0.085717520020824,0.0850087715015299,"PP","PP"
"269","Gm31","Grassland",24,1048.1812,314.45436,251.563488,144.1192,271.652,283.1904,374.916,368.344,367.3588,365.4384,365.4384,0.351412522949276,0.348640483153104,"WP","WP"
"270","Gm4","Grassland",24,11278.5632,3383.56896,2706.855168,267.2696,356.0808,372.1764,372.1764,473.4204,472.4908,638.6096,675.0656,0.0419752402504603,0.0598538650738775,"PP","PP"
"271","Gm5","Grassland",28,1777.134,533.1402,497.59752,93.2952,156.8712,167.5836,167.5836,165.8708,166.1152,176.434,176.434,0.0933361243440281,0.0992800767978104,"PP","PP"
"272","Gm6","Grassland",24,9891.6532,2967.49596,2373.996768,21.6396,41.8444,44.7464,44.7464,47.1468,63.0672,45.3756,45.3756,0.00476632156897696,0.00458726151054305,"NP","NP"
"273","Gm7","Grassland",28,30.0484,9.01452,8.413552,0,0.4856,0.488,0.488,0.4536,0.4596,0.4624,0.4624,0.0150956456916175,0.0153885065427777,"PP","PP"
"274","Gm8","Grassland",24,14492.9396,4347.88188,3478.305504,105.1448,109.1168,106.0964,106.0964,106.7536,154.6672,151.8296,151.8296,0.00736590387777508,0.0104761079663921,"NP","NP"
"275","Gm9","Grassland",24,1313.2256,393.96768,315.174144,72.866,72.866,80.2128,80.2128,79.5664,80.0328,78.7744,78.7744,0.0605885234037472,0.0599854282462968,"PP","PP"
"276","Gs1","Grassland",23,539.2132,161.76396,124.019036,17.9084,17.9084,17.9724,17.9724,17.9112,17.9144,17.9156,17.9156,0.0332172877073484,0.0332254477449736,"PP","PP"
"277","Gs10","Grassland",23,10944.6128,3283.38384,2517.260944,251.5936,272.2892,291.3644,372.4408,391.6448,390.888,395.0656,398.174,0.0357842536010045,0.0363808210739077,"PP","PP"
"278","Gs11","Grassland",23,2342.158,702.6474,538.69634,22.0412,22.0412,69.6044,73.5392,102.7652,102.7752,102.5164,102.5164,0.0438762884485163,0.043770061626927,"PP","PP"
"279","Gs12","Grassland",23,8728.1252,2618.43756,2007.468796,18.2608,18.2608,61.4592,120.5848,122.2428,122.282,122.9156,122.9156,0.0140056194427642,0.0140827035799166,"PP","PP"
"280","Gs13","Grassland",23,492.96,147.888,113.3808,0.59,0.59,0.59,5.9428,6.07,6.2924,8.0372,8.0372,0.0123133722817267,0.0163039597533268,"PP","PP"
"281","Gs14","Grassland",23,5281.672,1584.5016,1214.78456,1.6772,1.6772,1.6452,1.6452,1.6236,1.6248,1.6252,1.6252,0.000307402655825655,0.000307705590199467,"NP","NP"
"282","Gs15","Grassland",23,6137.2616,1841.17848,1411.570168,1.4076,1.4076,1.4072,1.4072,1.4156,1.4172,1.4164,1.4164,0.000230656617276995,0.000230786968572433,"NP","NP"
"283","Gs16","Grassland",23,3606.2944,1081.88832,829.447712,28.1896,28.1896,28.148,28.148,28.3476,28.3364,28.322,28.322,0.00786058952924087,0.00785349082981134,"NP","NP"
"284","Gs17","Grassland",28,4242.1876,1272.65628,1187.812528,83.182,83.182,83.1824,83.1824,211.1552,211.1564,211.0764,211.0764,0.0497750735964624,0.0497564982746166,"PP","PP"
"285","Gs18","Grassland",23,1433.932,430.1796,329.80436,0,0,0,0,0,0,0,0,0,0,"NP","NP"
"286","Gs19","Grassland",25,3024.2364,907.27092,756.0591,2.7204,21.5448,21.5688,21.6336,25.5364,27.2992,35.9596,35.9596,0.00844391661974573,0.0118904725834263,"NP","NP"
"287","Gs2","Grassland",27,1058.0116,317.40348,285.663132,122.3908,122.3908,122.3612,122.3612,122.1724,122.1568,122.1748,215.6488,0.115473592160993,0.20382460835023,"PP","MP"
"288","Gs20","Grassland",25,6280.594,1884.1782,1570.1485,7.3848,9.1112,9.3252,9.6988,9.7948,10.6872,10.442,10.442,0.0015595340185976,0.00166258159658147,"NP","NP"
"289","Gs3","Grassland",23,1742.278,522.6834,400.72394,22.5032,29.3784,30.332,61.4144,77.9284,95.2232,127.6372,173.02,0.0447278792477435,0.0993067696429617,"PP","PP"
"290","Gs4","Grassland",24,7440.426,2232.1278,1785.70224,42.9624,42.9624,121.6448,161.896,178.6084,179.8076,180.252,215.126,0.0240051308890109,0.0289131294364059,"PP","PP"
"291","Gs6","Grassland",23,5227.4684,1568.24052,1202.317732,62.2024,62.2024,63.3548,65.3832,72.1868,72.466,72.0888,79.0108,0.0138091317778219,0.0151145437818429,"PP","PP"
"292","Gs7","Grassland",23,4653.6068,1396.08204,1070.329564,0,0,15.844,15.844,15.6576,15.5836,15.6756,15.6756,0.00336461602213578,0.00336848398966582,"NP","NP"
"293","Gs8","Grassland",23,2862.4156,858.72468,658.355588,60.9936,60.9936,95.57,132.7456,137.2872,143.1124,148.7704,148.7704,0.0479620080326561,0.0519737245702546,"PP","PP"
"294","Gs9","Grassland",23,6972.2336,2091.67008,1603.613728,12.9008,35.6544,72.0596,102.464,97.3344,105.908,108.954,116.6352,0.0139602895691848,0.0167285272828495,"PP","PP"
"295","NKb1","Nama-Karoo",21,4671.204,1401.3612,980.95284,158.1944,158.1944,158.1788,158.1788,165.7668,165.7656,165.7388,165.7388,0.0354869536847459,0.0354809595127937,"PP","PP"
"296","NKb2","Nama-Karoo",21,607.488,182.2464,127.57248,161.7124,161.7124,161.7132,161.7132,161.3844,161.3796,161.3988,161.3988,0.26565858091024,0.265682285082174,"WP","WP"
"297","NKb3","Nama-Karoo",21,41253.296,12375.9888,8663.19216,211.7988,211.7988,211.798,211.798,231.3096,602.5796,602.816,602.816,0.00560705743366542,0.0146125536248061,"NP","PP"
"298","NKb4","Nama-Karoo",21,2677.2,803.16,562.212,0,0,0,0,0,3.9872,3.9928,3.9928,0,0.0014914089347079,"NP","NP"
"299","NKb5","Nama-Karoo",21,8638.8324,2591.64972,1814.154804,11.7044,11.7044,11.7044,11.7044,11.5488,11.5448,11.5644,11.5644,0.00133684732672902,0.00133865312631832,"NP","NP"
"300","NKb6","Nama-Karoo",21,41250.6684,12375.20052,8662.640364,0,0,0,0,0,937.9336,937.6236,937.6236,0,0.0227299007838622,"NP","PP"
"301","NKl1","Nama-Karoo",16,20205.9452,6061.78356,3232.951232,437.9776,494.5096,494.478,494.478,494.4684,494.3388,494.3496,494.3496,0.0244714313092366,0.0244655518515412,"PP","PP"
"302","NKl2","Nama-Karoo",16,8321.3632,2496.40896,1331.418112,9.664,9.664,9.6784,14.0916,1269.3088,1268.7476,1267.6792,1267.6792,0.152536161382789,0.152340328084706,"MP","MP"
"303","NKl4","Nama-Karoo",16,742.6932,222.80796,118.830912,60.9476,60.9476,60.9172,60.9172,60.958,60.9504,60.928,60.928,0.0820769599075365,0.0820365663776106,"MP","MP"
"304","NKu1","Nama-Karoo",21,17149.5756,5144.87268,3601.410876,2.7992,2.7992,2.7992,2.7992,2.7988,21.0556,21.0744,21.0744,0.000163199373866721,0.0012288583981052,"NP","NP"
"305","NKu2","Nama-Karoo",21,11734.2756,3520.28268,2464.197876,436.4116,436.4116,462.0704,540.3244,1359.2856,1645.0668,1645.2192,1645.2192,0.115838901891822,0.140206285933833,"MP","MP"
"306","NKu3","Nama-Karoo",21,42273.7272,12682.11816,8877.482712,65.2872,167.094,223.7736,223.7736,232.0656,231.9444,224.508,224.508,0.00548959401904831,0.00531081631240692,"NP","NP"
"307","NKu4","Nama-Karoo",21,49834.4344,14950.33032,10465.231224,249.182,380.1992,379.4572,604.0652,3216.7364,3215.8408,3265.228,3265.228,0.0645484681170576,0.0655215222027282,"PP","PP"
"308","SKk1","Succulent Karoo",28,1673.774,502.1322,468.65672,0,0,0.302,240.01,239.7752,239.772,239.8372,239.8372,0.143254226675764,0.143291268713697,"MP","MP"
"309","SKk2","Succulent Karoo",28,129.9056,38.97168,36.373568,0.0136,0.0136,0.0136,47.1864,47.196,47.196,47.196,47.196,0.363309972780234,0.363309972780234,"WP","WP"
"310","SKk3","Succulent Karoo",28,1320.886,396.2658,369.84808,2.1872,2.1872,2.1968,391.6472,391.2792,391.278,391.212,391.212,0.296224806682787,0.296173931739756,"WP","WP"
"311","SKk4","Succulent Karoo",28,983.548,295.0644,275.39344,0,0,26.4496,122.9516,122.9916,122.9928,122.9912,122.9912,0.125048904578119,0.125048497887241,"PP","PP"
"312","SKk5","Succulent Karoo",28,988.53,296.559,276.7884,0.196,0.196,12.7788,12.7788,12.7788,12.7788,12.7788,12.7788,0.0129270735334284,0.0129270735334284,"NP","NP"
"313","SKk6","Succulent Karoo",28,59.8264,17.94792,16.751392,0.0996,0.0996,0.0996,10.8852,10.8676,10.8676,10.8672,10.8672,0.181652247168474,0.181645561156947,"MP","MP"
"314","SKk7","Succulent Karoo",28,185.2136,55.56408,51.859808,4.3096,4.3096,4.5164,4.5164,4.3448,4.346,4.3444,4.3444,0.023458320555294,0.0234561608866736,"PP","PP"
"315","SKk8","Succulent Karoo",26,2.86,0.858,0.7436,0,0,0,0,0,0,0,0,0,0,"NP","NP"
"316","SKk9","Succulent Karoo",29,142.7656,42.82968,41.402024,0,0.2564,0.3384,0.3384,0.3384,0.3384,0.3384,0.3384,0.00237031890035135,0.00237031890035135,"NP","NP"
"317","SKn1","Succulent Karoo",28,7582.1624,2274.64872,2123.005472,253.2732,253.2732,491.4096,491.4096,498.7596,504.7644,583.6724,583.6724,0.0657806538145371,0.0769796753496074,"PP","PP"
"318","SKn2","Succulent Karoo",24,539.3324,161.79972,129.439776,0,0,0,0,0,0,0,0,0,0,"NP","NP"
"319","SKn3","Succulent Karoo",28,3107.996,932.3988,870.23888,54.6076,54.6076,63.12,63.12,63.1532,63.0512,63.1972,63.1972,0.0203195885708991,0.0203337456032762,"PP","PP"
"320","SKn4","Succulent Karoo",28,5040.6136,1512.18408,1411.371808,10.5104,10.5104,227.2132,254.4636,255.3636,255.3224,255.4404,255.4404,0.0506612131507164,0.0506764493910027,"PP","PP"
"321","SKn5","Succulent Karoo",28,653.3436,196.00308,182.936208,1.6072,1.6072,1.6072,1.6072,1.6072,4.3924,4.3924,4.3924,0.0024599613434646,0.006722955578045,"NP","NP"
"322","SKn6","Succulent Karoo",28,396.7944,119.03832,111.102432,1.668,1.668,2.9232,2.9232,2.9232,2.9232,2.9232,2.9232,0.00736703945418585,0.00736703945418585,"NP","NP"
"323","SKn7","Succulent Karoo",28,997.1488,299.14464,279.201664,0,0,0,20.886,20.886,20.886,20.886,20.886,0.0209457204381131,0.0209457204381131,"PP","PP"
"324","SKr1","Succulent Karoo",28,1200.4012,360.12036,336.112336,0,379.5736,860.0812,860.0812,859.9136,859.9604,859.9796,859.9796,0.716355165256416,0.716410146874228,"WP","WP"
"325","SKr10","Succulent Karoo",28,127.5696,38.27088,35.719488,0,0,0,0,0,0,0,0,0,0,"NP","NP"
"326","SKr11","Succulent Karoo",28,129.2752,38.78256,36.197056,0,4.692,61.232,61.232,61.0236,61.0244,61.0196,61.0196,0.472044135302053,0.472013193559167,"WP","WP"
"327","SKr12","Succulent Karoo",28,612.1464,183.64392,171.400992,0,0,0.0668,0.0668,0.0652,0.0656,0.0652,0.0652,0.000106510468737544,0.000106510468737544,"NP","NP"
"328","SKr13","Succulent Karoo",28,722.676,216.8028,202.34928,0,0.1452,0.1452,0.1452,0.1452,0.1452,0.1452,0.1452,0.00020091991431845,0.00020091991431845,"NP","NP"
"329","SKr14","Succulent Karoo",28,365.5632,109.66896,102.357696,0,0,0,0,0,0,0,0,0,0,"NP","NP"
"330","SKr15","Succulent Karoo",28,241.7792,72.53376,67.698176,0,0,0,0,0,0,0,0,0,0,"NP","NP"
"331","SKr16","Succulent Karoo",28,432.8448,129.85344,121.196544,0,0,0,0,0,0,0,0,0,0,"NP","NP"
"332","SKr17","Succulent Karoo",28,260.7456,78.22368,73.008768,0,0,0,0,0,0,0,0,0,0,"NP","NP"
"333","SKr18","Succulent Karoo",34,817.7808,245.33424,278.045472,0,0,0,0,0,70.7896,70.7996,70.7996,0,0.0865752778739731,"NP","PP"
"334","SKr19","Succulent Karoo",18,371.9632,111.58896,66.953376,0,0,0,0,0,73.982,73.9896,73.9896,0,0.198916451950085,"NP","WP"
"335","SKr2","Succulent Karoo",28,192.1136,57.63408,53.791808,0,0,47.4696,47.4696,47.3316,47.3508,47.3456,47.3456,0.246372979320569,0.246445852870385,"MP","MP"
"336","SKr3","Succulent Karoo",28,170.7744,51.23232,47.816832,0,0,170.7744,170.7744,170.7484,170.7676,170.7572,170.7572,0.999847752356325,0.99989928232803,"WP","WP"
"337","SKr4","Succulent Karoo",28,836.2248,250.86744,234.142944,0,62.3196,137.0544,137.0544,137.002,137.0196,137.018,137.018,0.163833935563738,0.1638530691747,"MP","MP"
"338","SKr5","Succulent Karoo",28,18.3652,5.50956,5.142256,0,15.3936,15.3936,15.3936,15.3936,15.3936,15.3936,15.3936,0.838193975562477,0.838193975562477,"WP","WP"
"339","SKr6","Succulent Karoo",28,65.8728,19.76184,18.444384,0,0.9484,65.8696,65.8696,65.8656,65.83,65.8688,65.8688,0.999890698436988,0.999939276909438,"WP","WP"
"340","SKr7","Succulent Karoo",28,327.1496,98.14488,91.601888,0,74.2304,119.0284,119.0284,118.9456,118.9632,118.9552,118.9552,0.363581676395142,0.36361102076848,"WP","WP"
"341","SKr8","Succulent Karoo",28,50.5576,15.16728,14.156128,0,50.5576,50.5576,50.5576,50.5336,50.5196,50.5308,50.5308,0.99952529392218,0.999469911546434,"WP","WP"
"342","SKr9","Succulent Karoo",34,3.2652,0.97956,1.110168,0,3.2652,3.2652,3.2652,3.2652,3.2652,3.2652,3.2652,1,1,"WP","WP"
"343","SKs1","Succulent Karoo",26,508.0212,152.40636,132.085512,0,0,0,0,2.1584,2.1584,2.1576,2.1576,0.00424864159212253,0.00424706685469032,"NP","NP"
"344","SKs10","Succulent Karoo",28,136.4288,40.92864,38.200064,0,0,98.3248,98.3248,98.0612,98.0456,98.0848,98.0848,0.718771989491955,0.718944973495332,"WP","WP"
"345","SKs11","Succulent Karoo",26,286.9792,86.09376,74.614592,0,0,85.7952,85.7952,85.742,85.7292,85.736,85.736,0.298774266567054,0.298753359128466,"WP","WP"
"346","SKs12","Succulent Karoo",26,469.9288,140.97864,122.181488,15.9528,16.0756,16.0024,33.768,34.6568,34.6612,34.6652,34.6652,0.0737490445361084,0.0737669195844136,"PP","PP"
"347","SKs13","Succulent Karoo",29,201.1296,60.33888,58.327584,0.0896,0.0896,0.0896,0.0896,0.0896,0.0896,0.0896,0.0896,0.000445483906893863,0.000445483906893863,"NP","NP"
"348","SKs14","Succulent Karoo",26,838.9456,251.68368,218.125856,0,0,97.5948,97.5948,97.5376,97.5736,97.5168,97.5168,0.116262127127194,0.116237334101281,"PP","PP"
"349","SKs2","Succulent Karoo",26,536.1004,160.83012,139.386104,0,0,0,0,0,0,0,0,0,0,"NP","NP"
"350","SKs3","Succulent Karoo",26,331.4,99.42,86.164,0,0,0,0,0,0,0,0,0,0,"NP","NP"
"351","SKs4","Succulent Karoo",26,449.044,134.7132,116.75144,0,0,0,0,0,0,0,0,0,0,"NP","NP"
"352","SKs5","Succulent Karoo",26,566.1096,169.83288,147.188496,0,0,0,0,0,0,0,0,0,0,"NP","NP"
"353","SKs6","Succulent Karoo",26,123.302,36.9906,32.05852,0,0,0,0,0,0,0,0,0,0,"NP","NP"
"354","SKs7","Succulent Karoo",26,3151.7932,945.53796,819.466232,3.4948,5.8984,213.1496,213.1496,220.3532,221.572,221.4856,221.4856,0.06991359712306,0.0702728846549958,"PP","PP"
"355","SKs8","Succulent Karoo",26,868.0312,260.40936,225.688112,0.0592,0.0592,171.6904,171.6904,173.6536,177.726,189.1984,189.1984,0.20005456025083,0.217962672309475,"MP","MP"
"356","SKs9","Succulent Karoo",26,917.3924,275.21772,238.522024,0,0,97.9772,97.9772,104.4028,104.4316,104.3992,104.3992,0.113803864082589,0.113799939916659,"PP","PP"
"357","SKt1","Succulent Karoo",18,101.7792,30.53376,18.320256,0,0,0,0,0,0,0,0,0,0,"NP","NP"
"358","SKt2","Succulent Karoo",18,7632.554,2289.7662,1373.85972,20.584,20.584,20.586,20.586,20.6964,20.6804,20.74,20.74,0.00271159562054851,0.00271730799415242,"NP","NP"
"359","SKt3","Succulent Karoo",18,5357.996,1607.3988,964.43928,3.4,3.4,3.3948,3.3948,3.428,3.4312,3.4276,3.4276,0.000639791444413172,0.000639716789635528,"NP","NP"
"360","SKv1","Succulent Karoo",19,540.74,162.222,102.7406,0.0188,0.0188,0.7948,0.7948,0.6964,0.6952,0.6952,0.6952,0.00128786477789696,0.00128564559677479,"NP","NP"
"361","SKv10","Succulent Karoo",16,240.126,72.0378,38.42016,11.4848,11.4848,11.484,11.484,12.9732,12.9704,18.4708,18.4708,0.0540266360160916,0.0769212829930953,"PP","PP"
"362","SKv11","Succulent Karoo",16,1578.5704,473.57112,252.571264,12.0604,12.0604,12.068,12.068,12.066,14.9892,14.988,14.988,0.00764362488996373,0.0094946668200544,"NP","PP"
"363","SKv13","Succulent Karoo",16,2555.2608,766.57824,408.841728,6.9788,43.966,64.8924,65.0104,69.4088,68.3672,65.17,65.17,0.0271630981855159,0.0255042459853804,"PP","PP"
"364","SKv14","Succulent Karoo",16,793.3056,237.99168,126.928896,0,0,0,0,0,0,0,0,0,0,"NP","NP"
"365","SKv2","Succulent Karoo",19,559.3864,167.81592,106.283416,20.3616,57.102,57.102,68.7072,68.7,68.6992,68.6884,68.6884,0.122813139540039,0.122792402532489,"MP","MP"
"366","SKv3","Succulent Karoo",19,928.5724,278.57172,176.428756,1.1664,9.7044,12.5112,15.8116,15.8088,15.8148,15.8104,15.8104,0.0170248437278558,0.0170265668029763,"PP","PP"
"367","SKv4","Succulent Karoo",19,1318.3684,395.51052,250.489996,185.916,185.916,185.9096,185.9096,185.8784,185.8644,185.8624,185.8624,0.140991243418759,0.140979107205543,"MP","MP"
"368","SKv5","Succulent Karoo",19,6988.3064,2096.49192,1327.778216,777.6272,952.584,976.4892,976.4892,976.6536,976.6992,976.5744,976.5744,0.139755406259806,0.139744073041789,"MP","MP"
"369","SKv6","Succulent Karoo",19,4714.4892,1414.34676,895.752948,0,13.8492,13.8492,13.8492,13.9356,13.9336,13.8552,13.8552,0.00295590877586484,0.00293885496651472,"NP","NP"
"370","SKv7","Succulent Karoo",16,653.3552,196.00656,104.536832,31.3852,20.3776,19.8612,19.8612,20.4068,20.6644,21.8012,21.8012,0.0312338525812605,0.0333680668647009,"PP","PP"
"371","SKv8","Succulent Karoo",16,4109.0248,1232.70744,657.443968,417.0168,362.2212,364.1368,364.1368,380.3012,380.3456,428.738,428.738,0.0925526660243082,0.104340572488149,"MP","MP"
"372","SVcb1","Savanna",19,6651.4568,1995.43704,1263.776792,960.4872,1166.6628,1181.1376,1181.1376,1210.9064,1191.0696,1189.538,1189.538,0.182051306414559,0.178838716955961,"MP","MP"
"373","SVcb10","Savanna",24,1442.1488,432.64464,346.115712,20.9964,20.9964,69.6084,73.9056,73.6796,73.4268,73.2668,73.2668,0.051090151030185,0.0508039114965113,"PP","PP"
"374","SVcb11","Savanna",24,3285.6364,985.69092,788.552736,183.9312,195.4496,273.4536,273.9068,274.2244,283.3764,282.06,282.06,0.0834615784022846,0.0858463827586035,"PP","PP"
"375","SVcb12","Savanna",19,17384.092,5215.2276,3302.97748,839.226,1066.1324,1071.406,1155.7096,1311.9944,1327.2428,1323.39,1323.39,0.0754709765686928,0.0761264954189152,"PP","PP"
"376","SVcb13","Savanna",24,2066.3028,619.89084,495.912672,265.9408,410.2252,411.576,411.576,410.708,410.4612,410.83,410.83,0.198764672825299,0.19882371547868,"MP","MP"
"377","SVcb14","Savanna",19,759.892,227.9676,144.37948,66.01,70.2696,70.1276,70.1276,71.9072,71.7484,71.4556,71.4556,0.0946281840050955,0.0940338890263353,"PP","PP"
"378","SVcb15","Savanna",19,7198.2152,2159.46456,1367.660888,346.7192,432.6864,441.8412,458.7188,495.4816,489.2284,476.48,476.48,0.0688339520607831,0.0661941865811403,"PP","PP"
"379","SVcb16","Savanna",19,12078.146,3623.4438,2294.84774,1217.0968,1558.7572,1573.0792,1654.4804,1659.6352,1653.6372,1649.8852,1649.8852,0.137408108827298,0.136600865728896,"MP","MP"
"380","SVcb17","Savanna",24,8901.2312,2670.36936,2136.295488,712.7084,1039.664,1039.7432,1380.4904,1493.8784,1785.0216,1836.6864,1841.022,0.167828288742798,0.206827792541778,"MP","MP"
"381","SVcb18","Savanna",19,6496.36,1948.908,1234.3084,414.6876,597.6396,596.5564,596.5564,651.9356,652.0244,651.8956,676.1244,0.100353982845778,0.104077421817756,"MP","MP"
"382","SVcb19","Savanna",19,12021.6592,3606.49776,2284.115248,1033.2528,1052.5724,1049.2944,1049.2944,1080.1312,1071.9188,1068.7832,1081.7124,0.0898487623072862,0.0899802915723979,"PP","PP"
"383","SVcb2","Savanna",19,1107.4924,332.24772,210.423556,209.4576,278.722,278.876,278.876,279.0764,278.96,278.9888,278.9888,0.251989449318117,0.251910351709863,"WP","WP"
"384","SVcb20","Savanna",19,10110.8896,3033.26688,1921.069024,424.0392,432.1156,403.7308,404.8944,443.2792,437.6376,433.5868,408.4696,0.0438417604717986,0.0403989773560578,"PP","PP"
"385","SVcb21","Savanna",24,4147.7392,1244.32176,995.457408,65.5932,100.1524,102.2368,143.7888,677.1324,710.0968,710.3816,710.3816,0.163253369450037,0.171269591877908,"MP","MP"
"386","SVcb22","Savanna",36,0.602,0.1806,0.21672,0,0,0,0,0.602,0.602,0.602,0.602,1,1,"WP","WP"
"387","SVcb23","Savanna",19,4445.3284,1333.59852,844.612396,139.7856,145.9364,148.3732,148.3732,154.6688,153.2104,152.0592,152.0592,0.0347935599088697,0.0342065166659003,"PP","PP"
"388","SVcb24","Savanna",24,666.91,200.073,160.0584,43.0876,73.208,82.0592,82.0592,82.6028,79.5624,79.5056,79.5056,0.123858991468114,0.119214886566403,"MP","PP"
"389","SVcb25","Savanna",24,891.324,267.3972,213.91776,127.9136,127.9136,141.348,141.348,140.8648,143.744,143.7256,143.7256,0.158039949558185,0.161249556839039,"MP","MP"
"390","SVcb26","Savanna",24,2000.0168,600.00504,480.004032,267.5712,267.7312,268.5576,277.2992,279.3756,268.896,268.692,268.692,0.139686626632336,0.134344871503079,"MP","MP"
"391","SVcb27","Savanna",19,2522.834,756.8502,479.33846,50.6504,50.6504,45.7996,45.7996,43.3448,44.0592,42.9284,42.9284,0.0171809956580576,0.0170159431813587,"PP","PP"
"392","SVcb28","Savanna",24,2316.1448,694.84344,555.874752,106.3328,106.3328,98.0768,98.0768,98.2916,245.268,244.528,244.528,0.0424375885307344,0.105575437252455,"PP","PP"
"393","SVcb29","Savanna",19,388.1768,116.45304,73.753592,97.5776,97.5776,97.684,97.684,97.7236,97.716,97.72,97.72,0.251750233398802,0.251740959274228,"WP","WP"
"394","SVcb3","Savanna",19,1332.022,399.6066,253.08418,22.9852,23.6084,22.9916,22.9916,24.216,23.9184,23.0244,23.0244,0.0181798799118933,0.0172853000926411,"PP","PP"
"395","SVcb4","Savanna",24,4122.4704,1236.74112,989.392896,130.6556,201.6972,201.3764,201.3764,286.7016,286.4252,286.0908,286.0908,0.0695460663586572,0.0693979027720854,"PP","PP"
"396","SVcb5","Savanna",24,367.1036,110.13108,88.104864,345.6868,345.6868,345.7492,345.7492,345.7984,345.77,345.8,345.8,0.941964066819285,0.94196842526197,"WP","WP"
"397","SVcb6","Savanna",19,2285.098,685.5294,434.16862,64.5784,62.6912,61.5124,62.9244,63.4036,63.7064,63.8564,63.8564,0.027746556165206,0.0279447095923238,"PP","PP"
"398","SVcb7","Savanna",24,491.3284,147.39852,117.918816,10.0488,10.0488,10.21,10.21,9.702,9.8812,9.956,9.956,0.0197464669251767,0.0202634327671675,"PP","PP"
"399","SVcb8","Savanna",19,1833.3936,550.01808,348.344784,16.4144,26.5212,49.7804,49.7804,49.3624,48.9364,49.0568,49.0568,0.0269240603872513,0.026757374957565,"PP","PP"
"400","SVcb9","Savanna",24,3104.532,931.3596,745.08768,93.7544,368.0512,441.4068,441.4068,450.2252,449.8448,449.6888,449.6888,0.145021922789007,0.144849143123666,"MP","MP"
"401","SVk1","Savanna",16,15431.3308,4629.39924,2469.012928,5.6168,5.6168,5.2996,5.2996,5.7956,5.6188,5.6172,5.6172,0.000375573570103234,0.00036401267478499,"NP","NP"
"402","SVk10","Savanna",16,5838.9904,1751.69712,934.238464,0,0,0,0,20.1184,20.1184,20.1184,20.1184,0.00344552715825667,0.00344552715825667,"NP","NP"
"403","SVk11","Savanna",16,13897.364,4169.2092,2223.57824,0,240.3432,240.5676,240.5676,240.1432,240.2168,240.432,240.432,0.0172797661484581,0.0173005470677749,"PP","PP"
"404","SVk12","Savanna",16,7452.5748,2235.77244,1192.411968,0,0,0,0,179.3704,179.3368,179.5572,179.5572,0.0240682455142886,0.0240933106770025,"PP","PP"
"405","SVk13","Savanna",16,8517.6948,2555.30844,1362.831168,2.6252,34.2712,34.2708,34.2708,401.7164,428.7604,429.1848,429.1848,0.0471625726716576,0.0503874358118584,"PP","PP"
"406","SVk14","Savanna",16,929.224,278.7672,148.67584,0,0,0,0,0,0,0,0,0,0,"NP","NP"
"407","SVk15","Savanna",16,1620.8448,486.25344,259.335168,0,0,0,0,151.3384,169.6424,169.7212,169.7212,0.0933700746672353,0.104711567696056,"MP","MP"
"408","SVk16","Savanna",16,7918.5928,2375.57784,1266.974848,681.3576,681.4084,681.4084,681.4084,1076.9856,1153.9796,1153.9976,1153.9976,0.136007195621929,0.145732660984916,"MP","MP"
"409","SVk17","Savanna",16,7235.3844,2170.61532,1157.661504,25.9228,25.9228,25.9336,25.9336,25.9872,26.03,25.9936,25.9936,0.00359168201208494,0.00359256655389311,"NP","NP"
"410","SVk18","Savanna",16,999.6036,299.88108,159.936576,0,0,0,0,0,0,0,0,0,0,"NP","NP"
"411","SVk2","Savanna",16,4206.5528,1261.96584,673.048448,25.262,25.262,25.258,25.258,25.2628,25.2684,25.2748,25.2748,0.00600558252828777,0.00600843522040184,"NP","NP"
"412","SVk3","Savanna",16,1366.9324,410.07972,218.709184,13.8996,13.8996,14.3548,14.3548,15.2596,14.982,15.2668,15.2668,0.011163390376876,0.0111686576453964,"PP","PP"
"413","SVk4","Savanna",16,16649.7672,4994.93016,2663.962752,335.0332,603.5716,815.8076,815.8076,819.8252,817.9568,812.1872,812.1872,0.0492394392157027,0.0487806940627975,"PP","PP"
"414","SVk5","Savanna",16,1457.8836,437.36508,233.261376,27.852,45.5768,95.9264,95.9264,95.9768,95.928,96.0324,96.0324,0.0658329649911694,0.0658711024666167,"PP","PP"
"415","SVk6","Savanna",16,5313.8536,1594.15608,850.216576,0.0848,13.3096,49.9144,49.9144,50.2476,49.5628,49.6112,49.6112,0.00945596242997737,0.00933620000370353,"PP","PP"
"416","SVk7","Savanna",16,13360.5836,4008.17508,2137.693376,5.162,5.162,6.1636,6.1636,30.3552,30.5668,30.6116,30.6116,0.00227199656158732,0.00229118734005003,"NP","NP"
"417","SVk8","Savanna",16,3363.508,1009.0524,538.16128,0,0,0,0,0,0,0,0,0,0,"NP","NP"
"418","SVk9","Savanna",16,5779.5996,1733.87988,924.735936,20.0256,20.0256,20.0256,20.0256,20.0144,19.9956,19.9996,19.9996,0.00346293885133496,0.00346037812031131,"NP","NP"
"419","SVkd1","Savanna",16,37066.8704,11120.06112,5930.699264,5246.4016,5246.4016,5246.4108,5246.4108,5760.4056,5787.62,5787.954,5787.954,0.15540577172655,0.156148979871794,"MP","MP"
"420","SVkd2","Savanna",16,2242.3736,672.71208,358.779776,850.0568,850.0568,850.0568,850.0568,849.9788,849.9968,850.046,850.046,0.379053160454618,0.379083128698982,"WP","WP"
"421","SVkd3","Savanna",16,2898.6,869.58,463.776,1673.682,1673.682,1673.7228,1673.7228,1673.6112,1673.5612,1673.6924,1673.6924,0.577386048437177,0.577414061960947,"WP","WP"
"422","SVkd4","Savanna",16,762.4696,228.74088,121.995136,762.328,762.328,762.3568,762.3568,762.2868,762.2732,762.348,762.348,0.999760252736634,0.999840518231809,"WP","WP"
"423","SVl1","Savanna",19,2090.6908,627.20724,397.231252,755.9076,740.2028,740.0992,740.0992,870.2436,892.88,909.5864,909.5864,0.416246917047705,0.43506500339505,"WP","WP"
"424","SVl10","Savanna",19,942.7836,282.83508,179.128884,394.4228,397.41,394.6192,394.6192,396.326,398.2148,398.6044,398.6044,0.420378547102432,0.422795220451438,"WP","WP"
"425","SVl11","Savanna",24,630.6152,189.18456,151.347648,454.3348,495.1252,494.5208,494.5208,494.2736,494.3764,494.0612,494.0612,0.783795886937074,0.783459072981432,"WP","WP"
"426","SVl12","Savanna",24,464.2436,139.27308,111.418464,15.4848,90.496,90.7844,90.7844,90.7216,103.7164,103.7228,103.7228,0.195418095155216,0.223423220050853,"MP","MP"
"427","SVl13","Savanna",24,109.4832,32.84496,26.275968,4.8152,13.9384,13.91,15.2508,17.3432,29.0508,29.0132,29.0132,0.158409692080611,0.26500138834086,"MP","WP"
"428","SVl14","Savanna",19,1381.2076,414.36228,262.429444,358.9492,362.5512,411.4964,411.4964,414.3144,541.6412,542.3868,542.3868,0.299965334682491,0.392690280592143,"WP","WP"
"429","SVl15","Savanna",24,1345.808,403.7424,322.99392,1328.2116,1328.2116,1328.25,1328.25,1330.2108,1329.6916,1329.8532,1329.8532,0.988410531071297,0.988144817091294,"WP","WP"
"430","SVl16","Savanna",24,1303.518,391.0554,312.84432,105.5252,117.9624,117.8024,117.8024,117.872,170.7872,182.3372,182.3372,0.0904260623942285,0.139880845527258,"PP","MP"
"431","SVl17","Savanna",24,127.574,38.2722,30.61776,0.4972,1.0728,1.1024,1.1024,1.0764,1.0624,1.066,1.066,0.00843745590794362,0.0083559345948234,"NP","NP"
"432","SVl18","Savanna",19,1124.394,337.3182,213.63486,176.4244,178.8324,179.0972,179.0972,178.8104,219.0208,217.9524,217.9524,0.159028240990258,0.193839881749636,"MP","WP"
"433","SVl19","Savanna",19,152.9456,45.88368,29.059664,29.4264,29.4264,29.438,29.438,29.4544,29.3836,29.2152,29.2152,0.192580891506523,0.191016936740907,"WP","WP"
"434","SVl2","Savanna",19,183.8536,55.15608,34.932184,181.472,181.472,181.4896,181.4896,181.93,181.926,181.9272,181.9272,0.989537327525814,0.989522098017118,"WP","WP"
"435","SVl20","Savanna",19,1645.1236,493.53708,312.573484,205.772,212.7484,212.2704,212.974,251.656,263.4536,236.4528,243.3648,0.152970877081819,0.147931012599904,"MP","MP"
"436","SVl21","Savanna",19,335.0944,100.52832,63.667936,136.11,137.6336,137.6,137.6,137.5096,138.49,136.6396,136.6396,0.410360781916976,0.407764498600991,"WP","WP"
"437","SVl22","Savanna",19,4770.6844,1431.20532,906.430036,227.2468,230.5684,329.2996,376.9612,377.8568,377.6896,385.2704,553.3188,0.0792038978725987,0.115983107161731,"PP","MP"
"438","SVl23","Savanna",19,7094.574,2128.3722,1347.96906,641.5968,711.3284,996.63,1333.2836,1270.0496,1357.6884,1357.4416,1552.4088,0.179017034708497,0.218816351764038,"MP","WP"
"439","SVl24","Savanna",19,694.624,208.3872,131.97856,0,0,0,0,0,0,0,0,0,0,"NP","NP"
"440","SVl25","Savanna",25,660.6212,198.18636,165.1553,50.9776,109.9212,111.0432,111.0432,111.0924,130.4412,133.562,133.562,0.168163540619042,0.202176375811131,"MP","MP"
"441","SVl26","Savanna",25,703.61,211.083,175.9025,21.0668,48.4296,48.3972,48.3972,48.4208,48.3616,48.3608,48.3608,0.0688176688790665,0.0687323943661972,"PP","PP"
"442","SVl27","Savanna",24,539.908,161.9724,129.57792,28.0164,98.4156,98.786,98.786,99.5952,99.5548,99.2248,99.2248,0.184466983263815,0.183780940456522,"MP","MP"
"443","SVl3","Savanna",19,15822.7516,4746.82548,3006.322804,5689.6456,5889.6684,5891.1192,5903.5576,6300.9128,6301.3564,6299.1832,6299.1832,0.398218524772897,0.398109213823467,"WP","WP"
"444","SVl4","Savanna",19,786.1288,235.83864,149.364472,485.8128,485.8128,485.8184,485.8184,485.5712,485.8372,485.788,485.788,0.617673846830189,0.617949628610477,"WP","WP"
"445","SVl5","Savanna",19,2855.0596,856.51788,542.461324,2252.8856,2252.8856,2253.178,2253.178,2251.1752,2252.514,2251.0548,2251.0548,0.78848623685474,0.788444066106361,"WP","WP"
"446","SVl6","Savanna",19,760.2468,228.07404,144.446892,758.8132,758.8132,758.9808,758.9808,758.6176,759.2244,758.7404,758.7404,0.997857011696728,0.998018538190493,"WP","WP"
"447","SVl7","Savanna",19,323.4536,97.03608,61.456184,22.0432,22.0432,21.9852,21.9852,26.9068,26.8432,26.8376,26.8376,0.08318596546769,0.0829720244263783,"PP","PP"
"448","SVl8","Savanna",19,3399.5656,1019.86968,645.917464,104.428,104.428,103.2828,103.2828,126.726,129.258,123.75,123.75,0.0372771156408925,0.0364017096772599,"PP","PP"
"449","SVl9","Savanna",19,3562.4732,1068.74196,676.869908,58.5476,110.2796,118.8352,124.674,151.7652,152.0828,152.466,152.466,0.0426010783744282,0.0427977956437679,"PP","PP"
"450","SVmp1","Savanna",19,8797.3088,2639.19264,1671.488672,725.754,860.094,907.0568,907.0568,1056.2656,1051.9724,1053.0424,1053.0424,0.120066900459377,0.119700515684979,"MP","MP"
"451","SVmp2","Savanna",19,2785.7408,835.72224,529.290752,711.9276,737.0068,782.8112,782.8112,833.4632,833.1852,833.4132,833.4132,0.29918907028249,0.299171121735375,"WP","WP"
"452","SVmp3","Savanna",19,277.0592,83.11776,52.641248,276.9328,276.9328,277.0056,277.0056,277.0276,277.0044,277.0032,277.0032,0.999885944953281,0.999797877132396,"WP","WP"
"453","SVmp4","Savanna",19,2805.3784,841.61352,533.021896,2800.6376,2793.5728,2793.9504,2793.9504,2797.484,2797.4456,2796.6488,2796.6488,0.997185976765202,0.996888262916689,"WP","WP"
"454","SVmp5","Savanna",19,5317.0804,1595.12412,1010.245276,3468.5608,3468.5608,3467.4856,3467.4856,3730.5196,3730.0624,3729.1772,3729.1772,0.70161053047082,0.701358061089315,"WP","WP"
"455","SVmp6","Savanna",19,3154.1124,946.23372,599.281356,1170.8368,1170.8368,1170.8592,1170.8592,1183.6928,1183.6892,1183.6168,1183.6168,0.37528554784541,0.375261452318567,"WP","WP"
"456","SVmp7","Savanna",19,2225.5536,667.66608,422.855184,1428.052,1429.5948,1430.0112,1430.0112,1436.004,1435.428,1435.1808,1435.1808,0.645234516032326,0.644864630535072,"WP","WP"
"457","SVmp8","Savanna",19,310.438,93.1314,58.98322,310.3024,310.3024,310.3628,310.3628,310.4124,310.4188,310.4008,310.4008,0.999917535868676,0.99988016930917,"WP","WP"
"458","SVs1","Savanna",25,2706.5924,811.97772,676.6481,12.6468,12.6468,12.6568,12.6568,12.6528,12.6568,12.6564,12.6564,0.00467480807232001,0.00467613815807655,"NP","NP"
"459","SVs2","Savanna",25,2215.6012,664.68036,553.9003,16.2596,16.2596,16.2712,66.0312,65.9636,65.8868,65.918,65.918,0.0297723254527936,0.0297517441315703,"PP","PP"
"460","SVs3","Savanna",25,1533.5048,460.05144,383.3762,3.8852,3.8852,3.5808,10.6612,11.0796,18.286,30.474,30.474,0.00722501814144957,0.0198721256040411,"NP","PP"
"461","SVs4","Savanna",25,803.1036,240.93108,200.7759,0,0,0,0,0,0,0,0,0,0,"NP","NP"
"462","SVs5","Savanna",25,1812.6008,543.78024,453.1502,1.7632,1.7632,1.8204,1.8204,1.8432,4.3932,6.2832,6.2832,0.00101688137840389,0.00346640032377786,"NP","NP"
"463","SVs6","Savanna",25,10185.4844,3055.64532,2546.3711,11.8896,12.1008,14.4932,17.1252,17.3888,20.9652,31.374,31.374,0.00170721384640283,0.00308026587326568,"NP","NP"
"464","SVs7","Savanna",25,7762.2768,2328.68304,1940.5692,5.5116,5.5116,5.5692,5.5692,29.442,29.4132,29.438,29.438,0.00379295930286846,0.00379244399014475,"NP","NP"
"465","SVs8","Savanna",19,1527.7652,458.32956,290.275388,14.132,14.132,14.4036,14.5824,36.5692,41.0456,40.384,40.384,0.0239364006982225,0.0264333812551824,"PP","PP"
