"","T_MAPCODE","T_BIOME","tar_sa","tar_gbf","ext_veg","ext_vegrem","ext_vegpa24","ext_vegrempa24","ext_invpa24","prp_pa_base24","ext_tar_sa","ext_tar_gbf","epl_base24","epl_nat24","ext_vegrempa_inv24","epl_nat_inv24"
"1","FFd7","Fynbos",32,30,247.4448,119.5484,31.7484,30.2464,0.6428,0.12830497953483,79.182336,74.23344,"PP","PP",29.79644,"PP"
"2","AT34","Albany Thicket",19,30,167.5268,161.674,0,0,0,0,31.830092,50.25804,"NP","NP",0,"NP"
"3","AT50","Albany Thicket",19,30,577.5424,515.4424,222.804,210.2296,2.7408,0.385779468312629,109.733056,173.26272,"WP","WP",208.31104,"WP"
"4","AT51","Albany Thicket",19,30,1963.4028,1693.7084,241.0732,214.6088,2.3932,0.122783363658237,373.046532,589.02084,"MP","MP",212.93356,"MP"
"5","AT36","Albany Thicket",19,30,51.4116,29.7644,39.8792,25.1096,7.986,0.775684864894304,9.768204,15.42348,"WP","WP",19.5194,"WP"
"6","FS13","Fynbos",36,30,41.644,35.1444,34.4868,30.3376,5.3124,0.828133704735376,14.99184,12.4932,"WP","WP",26.61892,"WP"
"7","AT40","Albany Thicket",19,30,596.3172,463.16,17.6224,13.3424,0.5292,0.0295520571937217,113.300268,178.89516,"PP","PP",12.97196,"PP"
"8","FFl3","Fynbos",32,30,791.6736,622.3644,13.948,12.434,1.576,0.0176183720159419,253.335552,237.50208,"PP","NP",11.3308,"NP"
"9","FFd9","Fynbos",32,30,517.29,264.1432,35.6828,29.9332,8.5772,0.0689802625219896,165.5328,155.187,"PP","PP",23.92916,"PP"
"10","FFd11","Fynbos",36,30,76.61,60.0188,4.7152,1.9408,0.7352,0.0615481007701345,27.5796,22.983,"PP","PP",1.42616,"PP"
"11","FFs20","Fynbos",23,30,2298.4988,1567.7116,833.7224,808.9996,289.7148,0.362724748866521,528.654724,689.54964,"WP","WP",606.19924,"WP"
"12","AT57","Albany Thicket",19,30,137.0648,105.5096,4.416,3.9352,0.292,0.0322183376038195,26.042312,41.11944,"PP","PP",3.7308,"PP"
"13","AT54","Albany Thicket",19,30,187.7204,184.8992,109.8604,109.1052,13.0668,0.585234210027253,35.666876,56.31612,"WP","WP",99.95844,"WP"
"14","AT19","Albany Thicket",19,30,1077.8672,1061.8264,378.8068,369.4044,8.4508,0.351441068064786,204.794768,323.36016,"WP","WP",363.48884,"WP"
"15","AT25","Albany Thicket",19,30,2128.9656,2109.2204,287.0744,284.1652,0.0396,0.134842197544197,404.503464,638.68968,"MP","MP",284.13748,"MP"
"16","AT27","Albany Thicket",19,30,1239.9792,1230.8536,401.2496,398.9264,1.0592,0.32359381512206,235.596048,371.99376,"WP","WP",398.18496,"WP"
"17","AT29","Albany Thicket",19,30,784.614,768.056,622.8,614.764,0.4692,0.793766106646071,149.07666,235.3842,"WP","WP",614.43556,"WP"
"18","AT33","Albany Thicket",19,30,491.8056,484.0704,22.2236,21.8084,0,0.0451877733803763,93.443064,147.54168,"PP","PP",21.8084,"PP"
"19","AT43","Albany Thicket",19,30,286.2032,265.86,1.27,1.2692,0,0.00443740670963847,54.378608,85.86096,"NP","NP",1.2692,"NP"
"20","AT46","Albany Thicket",19,30,571.8576,552.0688,157.0672,154.5432,0.1908,0.274661384232718,108.652944,171.55728,"WP","WP",154.40964,"WP"
"21","AT49","Albany Thicket",19,30,5647.1168,5524.0148,1104.2188,1054.6352,0.0048,0.19553673832282,1072.952192,1694.13504,"WP","MP",1054.63184,"MP"
"22","AT55","Albany Thicket",19,30,760.3872,741.5976,61.4588,60.0784,0.0392,0.0808256635566722,144.473568,228.11616,"PP","PP",60.05096,"PP"
"23","AT58","Albany Thicket",19,30,2252.3448,2221.2952,2.7784,2.772,0,0.00123355891158405,427.945512,675.70344,"NP","NP",2.772,"NP"
"24","AT26","Albany Thicket",19,30,40.4824,30.174,1.2604,1.0064,0.5896,0.0311345177163409,7.691656,12.14472,"PP","PP",0.59368,"PP"
"25","AT37","Albany Thicket",19,30,176.6464,106.1272,1.7776,1.5748,0.0316,0.0100630411941596,33.562816,52.99392,"PP","NP",1.55268,"NP"
"26","FS14","Fynbos",36,30,96.9252,84.9324,10.5144,9.7448,4.0624,0.10847952854366,34.893072,29.07756,"PP","PP",6.90112,"PP"
"27","FRs19","Fynbos",29,30,373.15,155.8908,1.5216,1.3316,0.3012,0.00407771673589709,108.2135,111.945,"NP","NP",1.12076,"NP"
"28","AZa6","Azonal Vegetation",31,30,653.4064,286.0296,58.6736,38.9408,0.932,0.0897964880662326,202.555984,196.02192,"PP","PP",38.2884,"PP"
"29","AZd2","Azonal Vegetation",26,30,13.216,9.5168,1.5684,1.5672,0,0.118674334140436,3.43616,3.9648,"PP","PP",1.5672,"PP"
"30","AZd3","Azonal Vegetation",20,30,220.2732,215.2172,137.5688,136.2604,0.1296,0.624537165665183,44.05464,66.08196,"WP","WP",136.16968,"WP"
"31","AZa2","Azonal Vegetation",31,30,350.796,116.1724,7.3628,4.8836,1.6576,0.0209888368168394,108.74676,105.2388,"PP","NP",3.72328,"NP"
"32","AZi1","Azonal Vegetation",24,30,1363.9048,1200.1276,113.1136,109.3768,0,0.082933647568364,327.337152,409.17144,"PP","PP",109.3768,"PP"
"33","AZa1","Azonal Vegetation",31,30,18.7044,18.1868,17.8228,17.5148,1.9416,0.952866705160283,5.798364,5.61132,"WP","WP",16.15568,"WP"
"34","AZi5","Azonal Vegetation",24,30,5176.9952,4815.0392,91.8672,89.1472,0,0.0177452743243803,1242.478848,1553.09856,"PP","PP",89.1472,"PP"
"35","AZi6","Azonal Vegetation",24,30,5302.936,4534.9768,650.2856,555.2004,0.2908,0.122627465238125,1272.70464,1590.8808,"MP","PP",554.99684,"PP"
"36","AZi7","Azonal Vegetation",19,30,2130.1056,1983.6596,442.1284,400.93,0,0.207561728395062,404.720064,639.03168,"WP","MP",400.93,"MP"
"37","AZi8","Azonal Vegetation",16,30,407.1792,143.7668,4.498,1.7856,0.1996,0.0110467332319529,65.148672,122.15376,"PP","NP",1.64588,"NP"
"38","FOz6","Forests",21,30,185.2344,150.9288,93.606,88.6,0.2448,0.505338101346186,38.899224,55.57032,"WP","WP",88.42864,"WP"
"39","FOz1","Forests",22,30,788.0828,632.212,498.302,432.2992,22.4712,0.63229650488502,173.378216,236.42484,"WP","WP",416.56936,"WP"
"40","FFs19","Fynbos",23,30,1571.0644,1047.7296,612.2428,502.2812,142.3604,0.389699365602072,361.344812,471.31932,"WP","WP",402.62892,"WP"
"41","FFt2","Fynbos",23,30,211.1624,181.5708,23.0288,22.6468,4.5296,0.109057294291029,48.567352,63.34872,"PP","PP",19.47608,"PP"
"42","FFd2","Fynbos",29,30,2055.6608,756.9556,51.098,16.3192,0.7664,0.0248572137971401,596.141632,616.69824,"PP","NP",15.78272,"NP"
"43","FFb4","Fynbos",27,30,61.9624,54.0568,43.8936,43.55,6.228,0.708390895123494,16.729848,18.58872,"WP","WP",39.1904,"WP"
"44","FFs15","Fynbos",30,30,993.5776,906.3568,578.0192,574.4868,9.928,0.581755466306809,298.07328,298.07328,"WP","WP",567.5372,"WP"
"45","FFb2","Fynbos",30,30,134.5308,128.2068,97.8912,97.4288,12.1664,0.727648984470471,40.35924,40.35924,"WP","WP",88.91232,"WP"
"46","FFg2","Fynbos",30,30,523.9892,279.5672,194.0576,160.1056,37.632,0.370346564394839,157.19676,157.19676,"WP","WP",133.7632,"MP"
"47","FRg2","Fynbos",26,30,951.3408,153.8836,13.3996,5.2908,1.6032,0.0140849630332264,247.348608,285.40224,"PP","NP",4.16856,"NP"
"48","FFg5","Fynbos",23,30,498.2224,177.678,9.502,3.3712,1.6692,0.0190718040778576,114.591152,149.46672,"PP","NP",2.20276,"NP"
"49","FFd1","Fynbos",29,30,1300.9768,1106.6752,104.124,104.08,0,0.0800352473618284,377.283272,390.29304,"PP","PP",104.08,"PP"
"50","FFl1","Fynbos",32,30,286.9588,257.4524,41.8492,40.628,8.3548,0.145836963355018,91.826816,86.08764,"PP","PP",34.77964,"PP"
"51","FS7","Fynbos",36,30,46.8288,37.4948,16.4552,14.6996,6.166,0.351390597239306,16.858368,14.04864,"MP","MP",10.3834,"MP"
"52","FFl2","Fynbos",32,30,694.2568,661.6104,201.3344,199.074,70.4536,0.289999896291977,222.162176,208.27704,"MP","MP",149.75648,"MP"
"53","FFs17","Fynbos",30,30,107.4468,100.296,54.7324,53.6912,6.2104,0.509390693813124,32.23404,32.23404,"WP","WP",49.34392,"WP"
"54","FS9","Fynbos",36,30,27.99,12.3604,1.3044,0.5072,0.2376,0.0466023579849946,10.0764,8.397,"PP","PP",0.34088,"NP"
"55","FFd6","Fynbos",30,30,88.5808,51.4168,21.7832,20.0324,4.1948,0.245913335621263,26.57424,26.57424,"MP","MP",17.09604,"MP"
"56","FFf1","Fynbos",30,30,694.0016,233.5072,40.2028,23.0208,1.2592,0.0579289730744137,208.20048,208.20048,"PP","PP",22.13936,"PP"
"57","FFg3","Fynbos",30,30,91.7956,31.2132,34.0368,23.6104,7.5848,0.370789013852516,27.53868,27.53868,"WP","MP",18.30104,"MP"
"58","FRs10","Fynbos",26,30,25.2736,2.5132,2.7516,1.886,0.4932,0.108872499366928,6.571136,7.58208,"PP","PP",1.54076,"PP"
"59","FS1","Fynbos",24,30,354.2776,235.792,26.2044,21.4912,0.022,0.0739657263117962,85.026624,106.28328,"PP","PP",21.4758,"PP"
"60","FS2","Fynbos",24,30,298.8244,78.3044,27.7396,25.7036,0.8404,0.092829099631757,71.717856,89.64732,"PP","PP",25.11532,"PP"
"61","FS3","Fynbos",24,30,1643.4048,580.8488,78.4612,68.0796,5.9808,0.0477430758386491,394.417152,493.02144,"PP","PP",63.89304,"PP"
"62","FS4","Fynbos",24,30,61.564,49.5296,10.5132,9.3624,0.3896,0.170768631018127,14.77536,18.4692,"MP","MP",9.08968,"MP"
"63","FS5","Fynbos",24,30,344.3644,293.0008,183.4572,174.464,26.7836,0.532741479665145,82.647456,103.30932,"WP","WP",155.71548,"WP"
"64","FS6","Fynbos",24,30,398.9228,183.1524,82.8572,73.4764,20.62,0.207702342408105,95.741472,119.67684,"MP","MP",59.0424,"MP"
"65","FRc2","Fynbos",27,30,209.756,28.494,1.2604,0.438,0.022,0.00600888651576117,56.63412,62.9268,"NP","NP",0.4226,"NP"
"66","FRs12","Fynbos",27,30,2027.506,195.7052,12.6004,6.8972,0.1348,0.0062147288343413,547.42662,608.2518,"NP","NP",6.80284,"NP"
"67","FRs13","Fynbos",27,30,2762.57,397.7656,43.592,6.7592,0.6884,0.0157795096594837,745.8939,828.771,"PP","NP",6.27732,"NP"
"68","FFs27","Fynbos",23,30,2402.9412,2155.9756,1112.0536,1107.7,57.4288,0.46278851933622,552.676476,720.88236,"WP","WP",1067.49984,"WP"
"69","FFs28","Fynbos",23,30,4052.18,3696.5036,1080.8716,1069.5096,56.7992,0.266738298890967,932.0014,1215.654,"WP","WP",1029.75016,"WP"
"70","FFs2","Fynbos",29,30,1343.1468,937.778,70.4092,67.4548,1.3524,0.0524210756411734,389.512572,402.94404,"PP","PP",66.50812,"PP"
"71","FFh6","Fynbos",30,30,279.4916,67.108,71.7656,24.8164,5.1664,0.256771938763097,83.84748,83.84748,"MP","PP",21.19992,"PP"
"72","FRc1","Fynbos",26,30,101.0616,12.802,0.624,0.1404,0.054,0.00617445201738346,26.276016,30.31848,"NP","NP",0.1026,"NP"
"73","FRs9","Fynbos",26,30,4963.7544,486.2376,88.816,43.494,8.99,0.0178929078360525,1290.576144,1489.12632,"PP","NP",37.201,"NP"
"74","FRa1","Fynbos",27,30,497.676,174.4068,4.802,4.23,0.8032,0.00964884784478255,134.37252,149.3028,"NP","NP",3.66776,"NP"
"75","FRg3","Fynbos",27,30,19.1756,18.8332,5.5196,5.5196,0.6528,0.287844969648929,5.177412,5.75268,"WP","WP",5.06264,"MP"
"76","FRs11","Fynbos",27,30,1193.6704,153.0492,18.6456,7.464,1.028,0.0156203923629169,322.291008,358.10112,"PP","NP",6.7444,"NP"
"77","FRs8","Fynbos",27,30,1049.7592,616.4812,72.8464,67.1444,4.2452,0.0693934380379805,283.434984,314.92776,"PP","PP",64.17276,"PP"
"78","FFb5","Fynbos",27,30,108.3896,95.8256,47.1164,46.2088,1.66,0.434694841571516,29.265192,32.51688,"WP","WP",45.0468,"WP"
"79","FFh10","Fynbos",23,30,283.2676,277.9484,131.5828,130.282,19.5988,0.464517650447845,65.151548,84.98028,"WP","WP",116.56284,"WP"
"80","FFq5","Fynbos",23,30,388.8108,388.316,0,0,0,0,89.426484,116.64324,"NP","NP",0,"NP"
"81","FFq6","Fynbos",23,30,683.2776,668.574,154.99,154.2792,20.5036,0.226833134878123,157.153848,204.98328,"MP","MP",139.92668,"MP"
"82","FFs18","Fynbos",23,30,878.8052,732.3164,98.9456,97.2628,1.9264,0.112591049757102,202.125196,263.64156,"PP","PP",95.91432,"PP"
"83","FRs16","Fynbos",29,30,1347.8644,1104.1168,33.6232,31.5288,0.0392,0.0249455360643103,390.880676,404.35932,"PP","PP",31.50136,"PP"
"84","FRs17","Fynbos",29,30,207.1384,64.1688,1.1872,0.8492,0.0348,0.0057314336694693,60.070136,62.14152,"NP","NP",0.82484,"NP"
"85","FRs18","Fynbos",29,30,118.7224,118.6764,82.4936,82.4904,0.2248,0.694844443845475,34.429496,35.61672,"WP","WP",82.33304,"WP"
"86","FRs20","Fynbos",28,30,46.9912,11.4372,0,0,0,0,13.157536,14.09736,"NP","NP",0,"NP"
"87","FRd1","Fynbos",27,30,219.4944,197.2376,7.0712,7.0488,0.0984,0.0322158560765104,59.263488,65.84832,"PP","PP",6.97992,"PP"
"88","FRd2","Fynbos",27,30,578.926,565.3256,2.4464,2.4464,0,0.00422575596881121,156.31002,173.6778,"NP","NP",2.4464,"NP"
"89","FRs1","Fynbos",27,30,207.306,196.0464,14.0868,14.0184,0.736,0.0679517235391161,55.97262,62.1918,"PP","PP",13.5032,"PP"
"90","FRs2","Fynbos",27,30,218.8368,104.3384,0.1924,0.1804,0.0228,0.000879193992966448,59.085936,65.65104,"NP","NP",0.16444,"NP"
"91","FRs3","Fynbos",27,30,3217.472,3148.2664,110.3376,105.76,0,0.0342932588069143,868.71744,965.2416,"PP","PP",105.76,"PP"
"92","FRs5","Fynbos",27,30,1236.5136,1199.1376,0,0,0,0,333.858672,370.95408,"NP","NP",0,"NP"
"93","FFg1","Fynbos",27,30,64.8176,64.0224,0,0,0,0,17.500752,19.44528,"NP","NP",0,"NP"
"94","FRg1","Fynbos",27,30,305.5396,252.788,3.4916,3.4816,0,0.0114276512766267,82.495692,91.66188,"NP","NP",3.4816,"NP"
"95","FFa1","Fynbos",29,30,180.0652,52.9628,21.4064,12.1892,0.2508,0.118881382965726,52.218908,54.01956,"PP","PP",12.01364,"PP"
"96","FFb1","Fynbos",29,30,279.0688,258.2252,213.4364,209.2416,2.6472,0.764816418030249,80.929952,83.72064,"WP","WP",207.38856,"WP"
"97","FFh1","Fynbos",29,30,427.9772,198.7996,79.604,72.0176,0.9676,0.186000562646795,124.113388,128.39316,"MP","MP",71.34028,"MP"
"98","FFq2","Fynbos",29,30,1646.1872,1617.4104,410.608,404.7584,0.062,0.249429712489564,477.394288,493.85616,"MP","MP",404.715,"MP"
"99","FFs1","Fynbos",29,30,1014.1516,800.52,75.6272,74.1892,0.3564,0.0745718884632238,294.103964,304.24548,"PP","PP",73.93972,"PP"
"100","FFs3","Fynbos",29,30,498.2384,469.3428,347.3252,339.2104,12.5936,0.697106445428534,144.489136,149.47152,"WP","WP",330.39488,"WP"
"101","FFs30","Fynbos",29,30,37.5252,37.4804,37.5052,37.4604,0.0016,0.999467024825984,10.882308,11.25756,"WP","WP",37.45928,"WP"
"102","FFs4","Fynbos",29,30,2523.64,2232.7588,1443.4112,1424.454,8.9652,0.571956063463886,731.8556,757.092,"WP","WP",1418.17836,"WP"
"103","FFs5","Fynbos",29,30,1135.986,1051.0576,923.0744,911.182,13.328,0.812575507092517,329.43594,340.7958,"WP","WP",901.8524,"WP"
"104","FFs6","Fynbos",29,30,422.8764,370.706,40.6268,34.7744,2.2532,0.0960725166975504,122.634156,126.86292,"PP","PP",33.19716,"PP"
"105","FFs7","Fynbos",29,30,394.0712,371.0828,312.372,310.4976,3.1836,0.792679089464036,114.280648,118.22136,"WP","WP",308.26908,"WP"
"106","FFs8","Fynbos",29,30,319.7464,315.7336,291.4492,290.6248,6.784,0.911501114633347,92.726456,95.92392,"WP","WP",285.876,"WP"
"107","FFc1","Fynbos",30,30,869.1648,388.6148,49.3344,40.9432,5.5208,0.0567606971658309,260.74944,260.74944,"PP","PP",37.07864,"PP"
"108","FFh8","Fynbos",30,30,186.7676,144.4432,23.912,23.2344,0.0972,0.128030771932605,56.03028,56.03028,"PP","PP",23.16636,"PP"
"109","FFs16","Fynbos",30,30,1215.3228,1173.312,912.8024,907.8012,92.1652,0.751078149772225,364.59684,364.59684,"WP","WP",843.28556,"WP"
"110","FFa2","Fynbos",30,30,501.6496,168.948,20.8644,17.4168,4.6064,0.0415915810557808,150.49488,150.49488,"PP","PP",14.19232,"PP"
"111","FFa3","Fynbos",30,30,477.154,136.9996,57.084,39.976,3.9692,0.119634331892848,143.1462,143.1462,"PP","PP",37.19756,"PP"
"112","FFd8","Fynbos",30,30,97.686,43.4192,2.8096,1.882,0.3408,0.0287615420838196,29.3058,29.3058,"PP","PP",1.64344,"PP"
"113","FFg4","Fynbos",30,30,16.934,14.1344,7.0332,7.0144,0.7728,0.415330105113972,5.0802,5.0802,"WP","WP",6.47344,"WP"
"114","FFh4","Fynbos",30,30,316.876,203.6124,94.394,92.0208,12.0464,0.297889395220843,95.0628,95.0628,"MP","MP",83.58832,"MP"
"115","FFh7","Fynbos",30,30,266.618,148.176,25.5348,17.8564,5.9588,0.0957729785685888,79.9854,79.9854,"PP","PP",13.68524,"PP"
"116","FFq4","Fynbos",30,30,97.856,91.3208,7.3968,7.3596,0.0148,0.0755886200130804,29.3568,29.3568,"PP","PP",7.34924,"PP"
"117","FFs10","Fynbos",30,30,1050.6224,1008.654,934.9516,928.2704,88.8456,0.889902594880901,315.18672,315.18672,"WP","WP",866.07848,"WP"
"118","FFs13","Fynbos",30,30,531.504,520.876,379.5584,375.8576,10.5272,0.714121436527289,159.4512,159.4512,"WP","WP",368.48856,"WP"
"119","FFs14","Fynbos",30,30,358.8828,333.1052,277.3456,273.0216,39.0664,0.772802708850912,107.66484,107.66484,"WP","WP",245.67512,"WP"
"120","FRa2","Fynbos",26,30,63.072,36.5332,0,0,0,0,16.39872,18.9216,"NP","NP",0,"NP"
"121","FFb3","Fynbos",27,30,97.8776,97.7068,90.2636,90.1688,1.0944,0.922208963031378,26.426952,29.36328,"WP","WP",89.40272,"WP"
"122","FFh2","Fynbos",27,30,106.534,101.2808,38.0964,38.094,0.0016,0.357598513150731,28.76418,31.9602,"WP","WP",38.09288,"WP"
"123","FFh3","Fynbos",27,30,75.1268,63.6852,8.6104,8.4724,0.3476,0.114611563383506,20.284236,22.53804,"PP","PP",8.22908,"PP"
"124","FFq3","Fynbos",27,30,1268.0852,1249.804,113.078,112.7528,0.0012,0.089172241738962,342.383004,380.42556,"PP","PP",112.75196,"PP"
"125","FFs21","Fynbos",27,30,318.3396,318.0388,199.6416,199.56,0.8976,0.627134041759178,85.951692,95.50188,"WP","WP",198.93168,"WP"
"126","FFs22","Fynbos",27,30,388.3256,385.3768,218.1996,217.2344,1.5908,0.561898571714046,104.847912,116.49768,"WP","WP",216.12084,"WP"
"127","FFs23","Fynbos",27,30,852.1924,846.108,691.5704,689.4084,0.6876,0.811519088881807,230.091948,255.65772,"WP","WP",688.92708,"WP"
"128","FFs24","Fynbos",27,30,1084.7884,1082.2572,878.3572,877.344,7.0728,0.809703717333261,292.892868,325.43652,"WP","WP",872.39304,"WP"
"129","FFs25","Fynbos",27,30,332.5684,330.9052,263.664,263.3924,0.9296,0.792811343470997,89.793468,99.77052,"WP","WP",262.74168,"WP"
"130","FFs26","Fynbos",27,30,304.1844,287.084,216.2376,214.1088,5.0312,0.71087669190136,82.129788,91.25532,"WP","WP",210.58696,"WP"
"131","FFs31","Fynbos",29,30,50.8348,50.79,50.8132,50.7684,0.0056,0.99957509422679,14.742092,15.25044,"WP","WP",50.76448,"WP"
"132","FFs32","Fynbos",29,30,547.9488,354.3128,0.0044,0.004,0,0.00000802994732354556,158.905152,164.38464,"NP","NP",0.004,"NP"
"133","FFt1","Fynbos",27,30,404.9544,395.7416,47.8372,47.5336,0.8412,0.118129843755247,109.337688,121.48632,"PP","PP",46.94476,"PP"
"134","FRl1","Fynbos",29,30,501.6888,432.6812,13.8284,13.7988,1.3988,0.0275637008440292,145.489752,150.50664,"PP","PP",12.81964,"PP"
"135","FRs15","Fynbos",29,30,276.4104,264.244,26.1616,25.786,0.17,0.0946476688286692,80.159016,82.92312,"PP","PP",25.667,"PP"
"136","FRs4","Fynbos",27,30,491.7496,211.3784,8.7844,7.356,0.2148,0.0178635630816985,132.772392,147.52488,"PP","PP",7.20564,"PP"
"137","FRs6","Fynbos",27,30,2095.8456,1809.988,249.9088,237.796,0.9264,0.119240081425845,565.878312,628.75368,"PP","PP",237.14752,"PP"
"138","FRs7","Fynbos",27,30,1607.8492,1293.4608,99.588,98.0672,0.7464,0.0619386444947698,434.119284,482.35476,"PP","PP",97.54472,"PP"
"139","FRs14","Fynbos",27,30,866.5308,326.5452,1.5884,1.5492,0.6404,0.001833056597642,233.963316,259.95924,"NP","NP",1.10092,"NP"
"140","FFb6","Fynbos",27,30,78.0444,29.268,8.6012,6.9244,2.3876,0.11020906048352,21.071988,23.41332,"PP","PP",5.25308,"PP"
"141","FFd10","Fynbos",23,30,151.6788,29.776,61.4424,19.1852,10.7356,0.40508231868923,34.886124,45.50364,"WP","MP",11.67028,"PP"
"142","FFh9","Fynbos",23,30,563.6392,243.7668,64.3972,38.4624,19.8396,0.114252521826019,129.637016,169.09176,"PP","PP",24.57468,"PP"
"143","FFa4","Fynbos",30,30,35.8392,5.122,9.7476,1.9672,0.7888,0.271981517444586,10.75176,10.75176,"MP","PP",1.41504,"PP"
"144","FFd3","Fynbos",30,30,1009.5924,638.2968,89.226,79.9556,6.8144,0.0883782405652024,302.87772,302.87772,"PP","PP",75.18552,"PP"
"145","FFd4","Fynbos",30,30,689.0436,330.844,56.8216,46.5684,8.626,0.0824644478230405,206.71308,206.71308,"PP","PP",40.5302,"PP"
"146","FFd5","Fynbos",30,30,556.9336,88.866,12.6672,7.8896,1.1812,0.0227445426169296,167.08008,167.08008,"PP","NP",7.06276,"NP"
"147","FFf2","Fynbos",30,30,40.588,19.376,2.242,1.4112,0.168,0.0552380013797181,12.1764,12.1764,"PP","PP",1.2936,"PP"
"148","FFh11","Fynbos",30,30,12.6292,5.3668,7.456,5.0316,1.7144,0.59037785449593,3.78876,3.78876,"WP","WP",3.83152,"WP"
"149","FFh5","Fynbos",30,30,84.0044,35.8028,36.7484,25.384,6.2904,0.4374580379123,25.20132,25.20132,"WP","WP",20.98072,"MP"
"150","FFs11","Fynbos",30,30,914.2348,763.5196,707.756,680.6988,30.182,0.774151235546929,274.27044,274.27044,"WP","WP",659.5714,"WP"
"151","FFs12","Fynbos",30,30,1179.408,1049.864,137.8376,129.6976,4.5368,0.116870158588037,353.8224,353.8224,"PP","PP",126.52184,"PP"
"152","FFs9","Fynbos",30,30,219.4464,203.276,193.7516,186.0588,19.1908,0.882910815579567,65.83392,65.83392,"WP","WP",172.62524,"WP"
"153","FS10","Fynbos",36,30,322.876,305.542,146.5236,146.0596,54.6348,0.453807653712261,116.23536,96.8628,"WP","WP",107.81524,"MP"
"154","Gh1","Grassland",24,30,8370.6212,8138.5332,2323.6232,2305.136,1.1992,0.277592683324387,2008.949088,2511.18636,"WP","WP",2304.29656,"WP"
"155","Gh4","Grassland",28,30,9677.7704,9249.242,653.512,527.5244,0.3488,0.0675271238094262,2709.775712,2903.33112,"PP","PP",527.28024,"PP"
"156","Gs17","Grassland",28,30,4242.1876,4170.7988,211.8756,210.004,0.0456,0.0499448916403414,1187.812528,1272.65628,"PP","PP",209.97208,"PP"
"157","NKb3","Nama-Karoo",21,30,41253.296,40919.9956,604.1164,602.1256,0,0.0146440759545613,8663.19216,12375.9888,"PP","PP",602.1256,"PP"
"158","NKb4","Nama-Karoo",21,30,2677.2,2670.3192,4.0052,3.972,0,0.00149604063947408,562.212,803.16,"NP","NP",3.972,"NP"
"159","NKb6","Nama-Karoo",21,30,41250.6684,40909.9712,943.094,930.5056,2.06,0.0228625143926153,8662.640364,12375.20052,"PP","PP",929.0636,"PP"
"160","NKl1","Nama-Karoo",16,30,20205.9452,20074.7364,495.2044,493.0396,0,0.0245078562323331,3232.951232,6061.78356,"PP","PP",493.0396,"PP"
"161","NKl2","Nama-Karoo",16,30,8321.3632,8164.2908,1282.8832,1256.4344,0.2096,0.154167432566818,1331.418112,2496.40896,"MP","MP",1256.28768,"MP"
"162","NKu1","Nama-Karoo",21,30,17149.5756,16965.0208,21.106,21.0008,0,0.00123070100930078,3601.410876,5144.87268,"NP","NP",21.0008,"NP"
"163","NKu2","Nama-Karoo",21,30,11734.2756,11706.3608,1646.7864,1643.2796,0.9508,0.140339843390077,2464.197876,3520.28268,"MP","MP",1642.61404,"MP"
"164","NKu3","Nama-Karoo",21,30,42273.7272,40004.2396,248.1084,216.4372,0.318,0.00586909213910052,8877.482712,12682.11816,"NP","NP",216.2146,"NP"
"165","NKu4","Nama-Karoo",21,30,49834.4344,48084.2452,3500.9388,3197.2916,1.5312,0.0702514003048462,10465.231224,14950.33032,"PP","PP",3196.21976,"PP"
"166","SKs14","Succulent Karoo",26,30,838.9456,644.0144,97.646,97.3148,0,0.116391336935315,218.125856,251.68368,"PP","PP",97.3148,"PP"
"167","SKs7","Succulent Karoo",26,30,3151.7932,2540.0112,222.0888,220.5928,0.002,0.0704642677698524,819.466232,945.53796,"PP","PP",220.5914,"PP"
"168","SKs8","Succulent Karoo",26,30,868.0312,727.288,189.6392,188.754,0,0.218470488157569,225.688112,260.40936,"MP","MP",188.754,"MP"
"169","SKs9","Succulent Karoo",26,30,917.3924,884.7432,104.5556,104.3304,0,0.113970423125371,238.522024,275.21772,"PP","PP",104.3304,"PP"
"170","SKk3","Succulent Karoo",28,30,1320.886,1298.8296,392.21,390.5168,0,0.29692948520917,369.84808,396.2658,"WP","WP",390.5168,"WP"
"171","SKs12","Succulent Karoo",26,30,469.9288,423.524,34.8776,30.6368,0,0.074218902948702,122.181488,140.97864,"PP","PP",30.6368,"PP"
"172","SKk1","Succulent Karoo",28,30,1673.774,1666.85,240.0172,239.7456,0,0.143398810114149,468.65672,502.1322,"MP","MP",239.7456,"MP"
"173","SKk2","Succulent Karoo",28,30,129.9056,129.1548,47.1984,46.8252,0,0.363328447734355,36.373568,38.97168,"WP","WP",46.8252,"WP"
"174","SKk4","Succulent Karoo",28,30,983.548,979.3724,123.0472,122.8888,0,0.125105434610207,275.39344,295.0644,"PP","PP",122.8888,"PP"
"175","SKk5","Succulent Karoo",28,30,988.53,829.1768,12.7788,12.774,0,0.0129270735334284,276.7884,296.559,"NP","NP",12.774,"NP"
"176","SKk6","Succulent Karoo",28,30,59.8264,57.032,10.8888,10.8584,0,0.182006605779388,16.751392,17.94792,"MP","MP",10.8584,"MP"
"177","SKk7","Succulent Karoo",28,30,185.2136,130.8612,4.5328,4.2308,0.014,0.024473364806904,51.859808,55.56408,"PP","PP",4.221,"PP"
"178","SKk8","Succulent Karoo",26,30,2.86,0.6316,0,0,0,0,0.7436,0.858,"NP","NP",0,"NP"
"179","SKk9","Succulent Karoo",29,30,142.7656,140.2268,0.3384,0.3384,0.0032,0.00237031890035134,41.402024,42.82968,"NP","NP",0.33616,"NP"
"180","SKn1","Succulent Karoo",28,30,7582.1624,7342.0048,594.4852,582.9196,0,0.0784057592857679,2123.005472,2274.64872,"PP","PP",582.9196,"PP"
"181","SKn3","Succulent Karoo",28,30,3107.996,2891.024,67.7176,60.5848,0,0.0217881876295851,870.23888,932.3988,"PP","PP",60.5848,"PP"
"182","SKn4","Succulent Karoo",28,30,5040.6136,4581.266,258.6908,255.7996,0,0.0513212915189532,1411.371808,1512.18408,"PP","PP",255.7996,"PP"
"183","SKn5","Succulent Karoo",28,30,653.3436,650.5384,4.3924,4.3924,0,0.006722955578045,182.936208,196.00308,"NP","NP",4.3924,"NP"
"184","SKn6","Succulent Karoo",28,30,396.7944,391.506,2.9232,2.9216,0,0.00736703945418585,111.102432,119.03832,"NP","NP",2.9216,"NP"
"185","SKn7","Succulent Karoo",28,30,997.1488,907.9312,20.886,20.886,0,0.0209457204381131,279.201664,299.14464,"PP","PP",20.886,"PP"
"186","SKs10","Succulent Karoo",28,30,136.4288,133.9984,98.3304,95.992,0,0.720745179903364,38.200064,40.92864,"WP","WP",95.992,"WP"
"187","SKs11","Succulent Karoo",26,30,286.9792,286.6852,85.8156,85.7108,0,0.299030731147066,74.614592,86.09376,"WP","WP",85.7108,"WP"
"188","SKs13","Succulent Karoo",29,30,201.1296,108.1508,0.0896,0.0896,0,0.000445483906893863,58.327584,60.33888,"NP","NP",0.0896,"NP"
"189","SKv1","Succulent Karoo",19,30,540.74,447.9824,0.7956,0.6944,0.002,0.00147131708399601,102.7406,162.222,"NP","NP",0.693,"NP"
"190","SKv10","Succulent Karoo",16,30,240.126,226.2656,18.6132,18.3452,0,0.0775143049898803,38.42016,72.0378,"PP","PP",18.3452,"PP"
"191","SKv11","Succulent Karoo",16,30,1578.5704,1369.166,15.0064,14.9616,0.0016,0.00950632293624662,252.571264,473.57112,"PP","PP",14.96048,"PP"
"192","SKv13","Succulent Karoo",16,30,2555.2608,2513.968,69.6612,63.3872,0,0.0272618747957156,408.841728,766.57824,"PP","PP",63.3872,"PP"
"193","SKv14","Succulent Karoo",16,30,793.3056,769.2448,0,0,0,0,126.928896,237.99168,"NP","NP",0,"NP"
"194","SKv2","Succulent Karoo",19,30,559.3864,557.15,68.7072,68.6848,0,0.122826010786104,106.283416,167.81592,"MP","MP",68.6848,"MP"
"195","SKv3","Succulent Karoo",19,30,928.5724,902.9904,16.0912,15.7124,0.036,0.0173289664866197,176.428756,278.57172,"PP","PP",15.6872,"PP"
"196","SKv4","Succulent Karoo",19,30,1318.3684,1313.5804,185.9628,184.5764,0,0.141055261943475,250.489996,395.51052,"MP","MP",184.5764,"MP"
"197","SKv5","Succulent Karoo",19,30,6988.3064,6923.8212,978.2868,974.0504,0,0.139989110952548,1327.778216,2096.49192,"MP","MP",974.0504,"MP"
"198","SKv6","Succulent Karoo",19,30,4714.4892,4674.8652,13.944,13.8168,0,0.00295769051714022,895.752948,1414.34676,"NP","NP",13.8168,"NP"
"199","SKv7","Succulent Karoo",16,30,653.3552,496.252,22.7428,20.7708,0.1984,0.0348092431192099,104.536832,196.00656,"PP","PP",20.63192,"PP"
"200","SKv8","Succulent Karoo",16,30,4109.0248,3931.7928,429.2952,424.0936,0.0628,0.104476176439724,657.443968,1232.70744,"MP","MP",424.04964,"MP"
"201","SKt1","Succulent Karoo",18,30,101.7792,101.3284,0,0,0,0,18.320256,30.53376,"NP","NP",0,"NP"
"202","SKt2","Succulent Karoo",18,30,7632.554,7313.0976,20.8468,20.5552,0,0.00273130068912713,1373.85972,2289.7662,"NP","NP",20.5552,"NP"
"203","SKt3","Succulent Karoo",18,30,5357.996,5222.7172,3.4936,3.2928,0,0.000652034827946867,964.43928,1607.3988,"NP","NP",3.2928,"NP"
"204","FS11","Fynbos",36,30,39.6004,39.448,9.8608,9.8248,4.5608,0.249007585781962,14.256144,11.88012,"MP","MP",6.63224,"PP"
"205","FS12","Fynbos",36,30,119.0592,91.0064,18.2484,17.5476,1.5152,0.153271649733914,42.861312,35.71776,"PP","PP",16.48696,"PP"
"206","AT21","Albany Thicket",19,30,386.3068,310.8976,13.5144,9.5092,0.1748,0.0349835933511913,73.398292,115.89204,"PP","PP",9.38684,"PP"
"207","AT31","Albany Thicket",19,30,240.8016,210.196,6.524,6.5228,0.1708,0.027092843236922,45.752304,72.24048,"PP","PP",6.40324,"PP"
"208","AT38","Albany Thicket",19,30,1290.854,849.7652,171.4556,140.24,4.9608,0.132823386688192,245.26226,387.2562,"MP","MP",136.76744,"MP"
"209","AT45","Albany Thicket",19,30,697.0252,430.4944,132.3272,103.6816,0.0248,0.189845646900571,132.434788,209.10756,"MP","MP",103.66424,"MP"
"210","AT41","Albany Thicket",19,30,307.5216,207.8656,55.044,50.2292,0.8356,0.178992304930776,58.429104,92.25648,"MP","MP",49.64428,"MP"
"211","AT56","Albany Thicket",19,30,701.6176,465.9492,15.2376,14.2424,1.6464,0.021717813236156,133.307344,210.48528,"PP","PP",13.08992,"PP"
"212","AT18","Albany Thicket",19,30,1175.6312,1034.7104,187.3016,175.278,2.0592,0.159320031656186,223.369928,352.68936,"MP","MP",173.83656,"MP"
"213","AT24","Albany Thicket",19,30,2976.1348,2598.0464,88.8136,86.8108,0,0.0298419278589128,565.465612,892.84044,"PP","PP",86.8108,"PP"
"214","AT15","Albany Thicket",19,30,14.6008,14.5748,0.2872,0.276,0,0.0196701550599967,2.774152,4.38024,"PP","PP",0.276,"PP"
"215","AT16","Albany Thicket",19,30,53.7692,51.1648,2.71,2.6836,0,0.0504006010876115,10.216148,16.13076,"PP","PP",2.6836,"PP"
"216","AT22","Albany Thicket",19,30,215.488,92.3968,0.0028,0.0028,0,0.000012993762993763,40.94272,64.6464,"NP","NP",0.0028,"NP"
"217","AT23","Albany Thicket",19,30,311.1928,268.2796,54.5952,54.0752,0,0.175438506289349,59.126632,93.35784,"MP","MP",54.0752,"MP"
"218","AT28","Albany Thicket",19,30,1030.5104,908.232,77.288,74.8196,0.9856,0.0749997282899813,195.796976,309.15312,"PP","PP",74.12968,"PP"
"219","AT30","Albany Thicket",19,30,674.0584,625.3256,139.2856,134.4504,0,0.206637288401124,128.071096,202.21752,"WP","WP",134.4504,"WP"
"220","AT32","Albany Thicket",19,30,3596.184,3450.6652,515.656,511.228,0.5712,0.143389770934969,683.27496,1078.8552,"MP","MP",510.82816,"MP"
"221","AT35","Albany Thicket",19,30,30.1476,18.3744,10.2684,5.7008,0,0.340604227202165,5.728044,9.04428,"WP","MP",5.7008,"MP"
"222","AT42","Albany Thicket",19,30,59.8564,51.7304,0,0,0,0,11.372716,17.95692,"NP","NP",0,"NP"
"223","AT47","Albany Thicket",19,30,910.5756,886.1536,40.4772,39.6988,0,0.0444523222454017,173.009364,273.17268,"PP","PP",39.6988,"PP"
"224","AT52","Albany Thicket",19,30,43.5968,30.2416,3.5612,3.5052,0.0004,0.0816848943041691,8.283392,13.07904,"PP","PP",3.50492,"PP"
"225","AT17","Albany Thicket",19,30,729.2028,576.74,140.3128,124.8788,1.0876,0.192419447648857,138.548532,218.76084,"WP","MP",124.11748,"MP"
"226","AT20","Albany Thicket",19,30,35.5164,20.0016,0.332,0.2924,0.0176,0.00934779425842709,6.748116,10.65492,"NP","NP",0.28008,"NP"
"227","AT39","Albany Thicket",19,30,245.8596,216.984,31.8152,21.0384,0,0.129403936230271,46.713324,73.75788,"MP","PP",21.0384,"PP"
"228","AT44","Albany Thicket",19,30,163.4576,63.2552,0.0368,0.0308,0,0.000225134836189936,31.056944,49.03728,"NP","NP",0.0308,"NP"
"229","AT48","Albany Thicket",19,30,20.3768,11.6912,0,0,0,0,3.871592,6.11304,"NP","NP",0,"NP"
"230","AT53","Albany Thicket",19,30,27.1028,16.5496,13.2324,9.4188,1.81,0.488229998376551,5.149532,8.13084,"WP","WP",8.1518,"WP"
"231","AZa7","Azonal Vegetation",31,30,1286.1356,859.3644,626.4364,551.2388,1.8104,0.487068704108649,398.702036,385.84068,"WP","WP",549.97152,"WP"
"232","AZd4","Azonal Vegetation",20,30,28.082,26.27,16.458,16.2668,0.0004,0.586069368278613,5.6164,8.4246,"WP","WP",16.26652,"WP"
"233","AZs3","Azonal Vegetation",20,30,12.9664,11.972,10.9992,10.878,0,0.8482847976308,2.59328,3.88992,"WP","WP",10.878,"WP"
"234","AZa4","Azonal Vegetation",31,30,1787.3464,1248.4128,60.292,53.2596,0.7528,0.0337326888621031,554.077384,536.20392,"PP","PP",52.73264,"PP"
"235","FOz5","Forests",22,30,825.652,753.0296,231.29,224.11,0.4128,0.280130127462902,181.64344,247.6956,"WP","WP",223.82104,"WP"
"236","FOa2","Forests",35,30,100.502,72.8692,48.916,41.0616,0.0084,0.48671668225508,35.1757,30.1506,"WP","WP",41.05572,"WP"
"237","SVs6","Savanna",25,30,10185.4844,7037.5756,35.4548,27.788,5.8068,0.0034809144668662,2546.3711,3055.64532,"NP","NP",23.72324,"NP"
"238","FOz7","Forests",18,30,680.3856,514.9484,370.4128,329.426,0.4272,0.544415989991558,122.469408,204.11568,"WP","WP",329.12696,"WP"
"239","FOz2","Forests",22,30,214.0732,182.4208,93.4476,89.3248,2.1556,0.436521713133638,47.096104,64.22196,"WP","WP",87.81588,"WP"
"240","FOz3","Forests",20,30,1062.2748,884.3512,181.22,170.6052,1.678,0.170596158357517,212.45496,318.68244,"MP","MP",169.4306,"MP"
"241","FFs29","Fynbos",23,30,334.1964,131.6812,7.3592,5.958,2.3736,0.0220205843031224,76.865172,100.25892,"PP","PP",4.29648,"PP"
"242","Gd1","Grassland",27,30,5026.9468,4202.9276,124.5416,114.49,8.334,0.0247747996855666,1357.275636,1508.08404,"PP","PP",108.6562,"PP"
"243","Gd2","Grassland",27,30,158.3236,153.586,0,0,0,0,42.747372,47.49708,"NP","NP",0,"NP"
"244","Gd3","Grassland",27,30,2966.1812,2409.262,0,0,0,0,800.868924,889.85436,"NP","NP",0,"NP"
"245","Gd4","Grassland",27,30,6646.0524,5993.1016,650.758,645.736,8.2664,0.0979164714379923,1794.434148,1993.81572,"PP","PP",639.94952,"PP"
"246","Gd8","Grassland",27,30,4028.32,3968.614,260.9552,258.0804,0.9264,0.0647801564920364,1087.6464,1208.496,"PP","PP",257.43192,"PP"
"247","Gh2","Grassland",24,30,7162.5576,5659.8684,89.0128,61.6008,0.2336,0.0124275161151933,1719.013824,2148.76728,"PP","NP",61.43728,"NP"
"248","Gh3","Grassland",24,30,13392.4368,12357.1816,565.998,346.3804,0.122,0.0422625104342475,3214.184832,4017.73104,"PP","PP",346.295,"PP"
"249","Gm1","Grassland",24,30,3571.9108,2534.3228,22.1324,14.4092,0.0284,0.00619623535951682,857.258592,1071.57324,"NP","NP",14.38932,"NP"
"250","Gm5","Grassland",28,30,1777.134,1475.3816,190.4564,167.4764,5.1104,0.107170534129672,497.59752,533.1402,"PP","PP",163.89912,"PP"
"251","Gs10","Grassland",23,30,10944.6128,7576.2196,432.1412,385.7848,10.3088,0.0394843753631924,2517.260944,3283.38384,"PP","PP",378.56864,"PP"
"252","Gs11","Grassland",23,30,2342.158,1020.7256,131.778,89.8468,1.0708,0.0562634971679963,538.69634,702.6474,"PP","PP",89.09724,"PP"
"253","Gs12","Grassland",23,30,8728.1252,4698.084,145.8736,108.4108,9.4792,0.0167130508164571,2007.468796,2618.43756,"PP","PP",101.77536,"PP"
"254","Gs13","Grassland",23,30,492.96,148.2664,12.2632,6.8196,0.048,0.0248766634209672,113.3808,147.888,"PP","PP",6.786,"PP"
"255","Gs14","Grassland",23,30,5281.672,2135.8588,1.7296,1.5524,0,0.000327472058090696,1214.78456,1584.5016,"NP","NP",1.5524,"NP"
"256","Gs15","Grassland",23,30,6137.2616,3708.014,1.4484,1.3948,0.0588,0.000236001020389941,1411.570168,1841.17848,"NP","NP",1.35364,"NP"
"257","Gs16","Grassland",23,30,3606.2944,2980.22,28.872,27.8844,0,0.00800600195036767,829.447712,1081.88832,"NP","NP",27.8844,"NP"
"258","Gs18","Grassland",23,30,1433.932,1407.3916,0,0,0,0,329.80436,430.1796,"NP","NP",0,"NP"
"259","Gs19","Grassland",25,30,3024.2364,1334.6488,61.1404,33.922,4.3092,0.0202168058026152,756.0591,907.27092,"PP","NP",30.90556,"NP"
"260","Gs20","Grassland",25,30,6280.594,2257.522,11.6928,9.7584,0.6264,0.00186173473400764,1570.1485,1884.1782,"NP","NP",9.31992,"NP"
"261","Gs6","Grassland",23,30,5227.4684,3303.6124,159.3056,124.5456,1.6388,0.0304747131517811,1202.317732,1568.24052,"PP","PP",123.39844,"PP"
"262","Gs9","Grassland",23,30,6972.2336,2020.0288,210.0568,97.5732,5.276,0.0301276193614626,1603.613728,2091.67008,"PP","PP",93.88,"PP"
"263","CB6","Indian Ocean Coastal Belt",25,30,1121.1792,411.5112,7.1068,6.6968,0.8036,0.00633868341474762,280.2948,336.35376,"NP","NP",6.13428,"NP"
"264","CB3","Indian Ocean Coastal Belt",25,30,4141.8068,672.314,58.5304,40.6876,9.774,0.0141316103880075,1035.4517,1242.54204,"PP","NP",33.8458,"NP"
"265","CB4","Indian Ocean Coastal Belt",25,30,1299.9024,641.0904,94.7624,91.662,2.4968,0.0728996269258369,324.9756,389.97072,"PP","PP",89.91424,"PP"
"266","CB5","Indian Ocean Coastal Belt",25,30,1650.386,899.2332,25.1352,23.374,0,0.0152298916738266,412.5965,495.1158,"PP","PP",23.374,"PP"
"267","NKl4","Nama-Karoo",16,30,742.6932,683.2128,61.2,60.7268,0.0216,0.0824028010489392,118.830912,222.80796,"MP","MP",60.71168,"MP"
"268","SVs7","Savanna",25,30,7762.2768,4782.816,29.862,28.4192,0.2968,0.00384706713885802,1940.5692,2328.68304,"NP","NP",28.21144,"NP"
"269","SVs4","Savanna",25,30,803.1036,325.9052,0,0,0,0,200.7759,240.93108,"NP","NP",0,"NP"
"270","SVs5","Savanna",25,30,1812.6008,250.3336,13.326,4.5836,0.8952,0.00735186699685888,453.1502,543.78024,"NP","NP",3.95696,"NP"
"271","SVs8","Savanna",19,30,1527.7652,848.6824,46.52,37.4108,0.998,0.0304497052295732,290.275388,458.32956,"PP","PP",36.7122,"PP"
"272","FOa3","Forests",26,30,23.8196,20.558,9.6548,9.2572,0,0.405330064316781,6.193096,7.14588,"WP","WP",9.2572,"WP"
"273","AZd1","Azonal Vegetation",26,30,6.4404,0.3172,0,0,0,0,1.674504,1.93212,"NP","NP",0,"NP"
"274","AZa3","Azonal Vegetation",31,30,870.8164,530.9836,69.3004,66.7504,0.0708,0.0795809541483141,269.953084,261.24492,"PP","PP",66.70084,"PP"
"275","AZi3","Azonal Vegetation",24,30,1936.2996,1914.6164,365.94,360.254,0,0.18898934854916,464.711904,580.88988,"MP","MP",360.254,"MP"
"276","Dn1","Desert",28,30,17.0928,1.3532,0.3348,0.2332,0,0.0195871946082561,4.785984,5.12784,"PP","NP",0.2332,"NP"
"277","Dn3","Desert",28,30,139.9224,122.5984,22.1668,18.6948,0,0.15842209681938,39.178272,41.97672,"MP","PP",18.6948,"PP"
"278","Dg1","Desert",34,30,335.9332,332.8976,335.9332,332.8976,0,1,114.217288,100.77996,"WP","WP",332.8976,"WP"
"279","Dg10","Desert",34,30,2094.682,2084.2796,3.302,3.302,0,0.00157637292916061,712.19188,628.4046,"NP","NP",3.302,"NP"
"280","Dg2","Desert",34,30,361.43,361.3932,361.43,361.3932,0,1,122.8862,108.429,"WP","WP",361.3932,"WP"
"281","Dg3","Desert",34,30,160.0684,156.4688,160.0684,156.4688,0,1,54.423256,48.02052,"WP","WP",156.4688,"WP"
"282","Dg4","Desert",34,30,107.7996,107.1928,107.7996,107.1928,0,1,36.651864,32.33988,"WP","WP",107.1928,"WP"
"283","Dg5","Desert",34,30,592.286,591.9344,574.516,574.1648,0,0.969997602509598,201.37724,177.6858,"WP","WP",574.1648,"WP"
"284","Dg6","Desert",34,30,8.2236,8.1068,6.0884,5.9992,0,0.740357021255898,2.796024,2.46708,"WP","WP",5.9992,"WP"
"285","Dg7","Desert",34,30,247.0048,244.0452,1.6376,1.6156,0,0.0066298306753553,83.981632,74.10144,"NP","NP",1.6156,"NP"
"286","Dg8","Desert",34,30,343.1992,342.9244,2.5928,2.5928,0,0.00755479616502603,116.687728,102.95976,"NP","NP",2.5928,"NP"
"287","Dg9","Desert",34,30,1217.99,1198.2608,33.1304,33.1296,0,0.027200880138589,414.1166,365.397,"PP","PP",33.1296,"PP"
"288","Dn4","Desert",28,30,217.0148,194.7612,6.3372,2.3644,0,0.0292016949996037,60.764144,65.10444,"PP","NP",2.3644,"NP"
"289","Dn5","Desert",28,30,418.2756,384.4044,49.9852,42.0028,0,0.119503026234378,117.117168,125.48268,"PP","PP",42.0028,"PP"
"290","Dn2","Desert",36,30,1.5428,1.01,1.5084,1.01,0,0.977702877884366,0.555408,0.46284,"WP","WP",1.01,"WP"
"291","FFq1","Fynbos",28,30,49.024,49.024,49.024,49.024,0,1,13.72672,14.7072,"WP","WP",49.024,"WP"
"292","NKb1","Nama-Karoo",21,30,4671.204,4637.4332,165.9076,165.7156,0.0156,0.0355170958065629,980.95284,1401.3612,"PP","PP",165.70468,"PP"
"293","NKb2","Nama-Karoo",21,30,607.488,601.392,161.7308,161.3732,0,0.266228797935103,127.57248,182.2464,"WP","WP",161.3732,"WP"
"294","NKb5","Nama-Karoo",21,30,8638.8324,8543.5324,11.7044,11.5396,0,0.0013548590200685,1814.154804,2591.64972,"NP","NP",11.5396,"NP"
"295","SVk10","Savanna",16,30,5838.9904,5539.6844,20.1184,20.1184,0,0.00344552715825667,934.238464,1751.69712,"NP","NP",20.1184,"NP"
"296","SVk11","Savanna",16,30,13897.364,13624.6808,240.9528,237.2832,0,0.0173380218003932,2223.57824,4169.2092,"PP","PP",237.2832,"PP"
"297","SVk12","Savanna",16,30,7452.5748,7252.688,180.5512,178.6864,0,0.024226687399367,1192.411968,2235.77244,"PP","PP",178.6864,"PP"
"298","SVk13","Savanna",16,30,8517.6948,8409.2552,430.1076,428.0452,0,0.0504957749836258,1362.831168,2555.30844,"PP","PP",428.0452,"PP"
"299","SVk14","Savanna",16,30,929.224,880.8224,0,0,0,0,148.67584,278.7672,"NP","NP",0,"NP"
"300","SVk15","Savanna",16,30,1620.8448,1617.2148,169.894,169.5656,0,0.104818178767023,259.335168,486.25344,"MP","MP",169.5656,"MP"
"301","SVk16","Savanna",16,30,7918.5928,7905.7652,1154.0584,1153.3284,0,0.145740339116819,1266.974848,2375.57784,"MP","MP",1153.3284,"MP"
"302","SVk4","Savanna",16,30,16649.7672,12455.3472,982.894,750.0788,0.1536,0.0590334980779791,2663.962752,4994.93016,"PP","PP",749.97128,"PP"
"303","SVk5","Savanna",16,30,1457.8836,1418.3416,96.1376,95.4068,0,0.0659432618626069,233.261376,437.36508,"PP","PP",95.4068,"PP"
"304","SVk6","Savanna",16,30,5313.8536,4220.3792,70.4056,42.4764,0,0.0132494429278217,850.216576,1594.15608,"PP","NP",42.4764,"NP"
"305","SVk7","Savanna",16,30,13360.5836,13112.6348,30.9984,29.8712,0,0.00232013817120983,2137.693376,4008.17508,"NP","NP",29.8712,"NP"
"306","SVk8","Savanna",16,30,3363.508,3235.7984,0,0,0,0,538.16128,1009.0524,"NP","NP",0,"NP"
"307","SVk9","Savanna",16,30,5779.5996,5504.2496,20.0264,19.99,0,0.00346501511973252,924.735936,1733.87988,"NP","NP",19.99,"NP"
"308","SVkd1","Savanna",16,30,37066.8704,37004.7196,5788.256,5787.4956,0,0.156157127309027,5930.699264,11120.06112,"MP","MP",5787.4956,"MP"
"309","SVkd2","Savanna",16,30,2242.3736,2239.5116,850.0636,849.9576,0,0.379090977524887,358.779776,672.71208,"WP","WP",849.9576,"WP"
"310","SVkd3","Savanna",16,30,2898.6,2898.1184,1673.8492,1673.512,0,0.57746815704133,463.776,869.58,"WP","WP",1673.512,"WP"
"311","SVkd4","Savanna",16,30,762.4696,762.2544,762.4436,762.2284,0,0.999965900279827,121.995136,228.74088,"WP","WP",762.2284,"WP"
"312","SKs1","Succulent Karoo",26,30,508.0212,311.0076,2.2024,2.156,0,0.00433525215089449,132.085512,152.40636,"NP","NP",2.156,"NP"
"313","SKs2","Succulent Karoo",26,30,536.1004,524.9028,0,0,0,0,139.386104,160.83012,"NP","NP",0,"NP"
"314","SKs3","Succulent Karoo",26,30,331.4,302.72,0,0,0,0,86.164,99.42,"NP","NP",0,"NP"
"315","SKs4","Succulent Karoo",26,30,449.044,441.4408,0,0,0,0,116.75144,134.7132,"NP","NP",0,"NP"
"316","SKr14","Succulent Karoo",28,30,365.5632,365.2156,0,0,0,0,102.357696,109.66896,"NP","NP",0,"NP"
"317","SKn2","Succulent Karoo",24,30,539.3324,534.2036,0,0,0,0,129.439776,161.79972,"NP","NP",0,"NP"
"318","SKs5","Succulent Karoo",26,30,566.1096,565.6908,0,0,0,0,147.188496,169.83288,"NP","NP",0,"NP"
"319","SKs6","Succulent Karoo",26,30,123.302,122.7916,0,0,0,0,32.05852,36.9906,"NP","NP",0,"NP"
"320","SKr1","Succulent Karoo",28,30,1200.4012,1199.7416,860.1884,859.864,0,0.716584088719671,336.112336,360.12036,"WP","WP",859.864,"WP"
"321","SKr10","Succulent Karoo",28,30,127.5696,127.1424,0,0,0,0,35.719488,38.27088,"NP","NP",0,"NP"
"322","SKr11","Succulent Karoo",28,30,129.2752,128.1204,61.3284,61.002,0,0.474401896110004,36.197056,38.78256,"WP","WP",61.002,"WP"
"323","SKr12","Succulent Karoo",28,30,612.1464,611.8968,0.0668,0.0652,0,0.000109124222571594,171.400992,183.64392,"NP","NP",0.0652,"NP"
"324","SKr13","Succulent Karoo",28,30,722.676,721.8316,0.1452,0.1452,0,0.00020091991431845,202.34928,216.8028,"NP","NP",0.1452,"NP"
"325","SKr15","Succulent Karoo",28,30,241.7792,200.304,0,0,0,0,67.698176,72.53376,"NP","NP",0,"NP"
"326","SKr16","Succulent Karoo",28,30,432.8448,432.3352,0,0,0,0,121.196544,129.85344,"NP","NP",0,"NP"
"327","SKr17","Succulent Karoo",28,30,260.7456,259.666,0,0,0,0,73.008768,78.22368,"NP","NP",0,"NP"
"328","SKr18","Succulent Karoo",34,30,817.7808,812.362,70.8404,70.788,0,0.0866251689939407,278.045472,245.33424,"PP","PP",70.788,"PP"
"329","SKr19","Succulent Karoo",18,30,371.9632,367.7144,74.0144,73.9772,0,0.198983125212387,66.953376,111.58896,"WP","WP",73.9772,"WP"
"330","SKr2","Succulent Karoo",28,30,192.1136,191.3312,47.7448,47.3088,0,0.248523790090863,53.791808,57.63408,"MP","MP",47.3088,"MP"
"331","SKr3","Succulent Karoo",28,30,170.7744,170.7376,170.7744,170.7376,0,1,47.816832,51.23232,"WP","WP",170.7376,"WP"
"332","SKr4","Succulent Karoo",28,30,836.2248,827.1612,137.0552,136.9984,0,0.163897554820187,234.142944,250.86744,"MP","MP",136.9984,"MP"
"333","SKr5","Succulent Karoo",28,30,18.3652,18.3652,15.3936,15.3936,0,0.838193975562477,5.142256,5.50956,"WP","WP",15.3936,"WP"
"334","SKr6","Succulent Karoo",28,30,65.8728,65.8232,65.8728,65.8232,0,1,18.444384,19.76184,"WP","WP",65.8232,"WP"
"335","SKr7","Succulent Karoo",28,30,327.1496,326.5544,119.0316,118.9416,0,0.363844553072967,91.601888,98.14488,"WP","WP",118.9416,"WP"
"336","SKr8","Succulent Karoo",28,30,50.5576,50.5104,50.5576,50.5104,0,1,14.156128,15.16728,"WP","WP",50.5104,"WP"
"337","SKr9","Succulent Karoo",34,30,3.2652,3.2652,3.2652,3.2652,0,1,1.110168,0.97956,"WP","WP",3.2652,"WP"
"338","SVcb11","Savanna",24,30,3285.6364,2493.6388,299.0448,267.9868,2.1288,0.0910157922526059,788.552736,985.69092,"PP","PP",266.49664,"PP"
"339","SVk1","Savanna",16,30,15431.3308,12001.9708,15.4296,4.2996,0,0.000999887838578381,2469.012928,4629.39924,"NP","NP",4.2996,"NP"
"340","SVk18","Savanna",16,30,999.6036,953.0492,0,0,0,0,159.936576,299.88108,"NP","NP",0,"NP"
"341","SVk2","Savanna",16,30,4206.5528,3227.4224,25.3444,22.1576,0,0.00602498083466348,673.048448,1261.96584,"NP","NP",22.1576,"NP"
"342","SVk17","Savanna",16,30,7235.3844,3751.572,26.4168,24.1736,0,0.00365105688095853,1157.661504,2170.61532,"NP","NP",24.1736,"NP"
"343","AZa5","Azonal Vegetation",31,30,3235.1676,2106.648,479.7744,199.6604,0.2844,0.14829970478191,1002.901956,970.55028,"PP","PP",199.46132,"PP"
"344","FOa1","Forests",36,30,132.5436,89.8388,53.4188,50.2616,0.2752,0.40302813564744,47.715696,39.76308,"WP","WP",50.06896,"WP"
"345","FOz8","Forests",36,30,265.4912,244.2452,111.778,108.9044,0.01,0.421023371019454,95.576832,79.64736,"WP","WP",108.8974,"WP"
"346","FOz4","Forests",22,30,379.0448,279.0384,216.9372,189.8448,7.0076,0.572326015288958,83.389856,113.71344,"WP","WP",184.93948,"WP"
"347","FOz9","Forests",36,30,68.7992,68.6804,32.3496,32.3484,1.1164,0.470203141896999,24.767712,20.63976,"WP","WP",31.56692,"WP"
"348","CB1","Indian Ocean Coastal Belt",25,30,2355.7416,832.548,433.8392,363.4108,1.888,0.184162473507281,588.9354,706.72248,"MP","MP",362.0892,"MP"
"349","Gd10","Grassland",27,30,78.8828,76.8228,55.1024,53.1668,0.0024,0.698535041859569,21.298356,23.66484,"WP","WP",53.16512,"WP"
"350","Gd5","Grassland",27,30,1218.5104,1108.2288,506.8484,499.2584,2.9512,0.415957385345254,328.997808,365.55312,"WP","WP",497.19256,"WP"
"351","Gd6","Grassland",27,30,17.5824,17.5596,13.5104,13.4884,0.3852,0.768404768404768,4.747248,5.27472,"WP","WP",13.21876,"WP"
"352","Gd7","Grassland",27,30,1343.4028,1342.4628,1069.3428,1068.6548,0.8852,0.795995661167298,362.718756,403.02084,"WP","WP",1068.03516,"WP"
"353","Gh10","Grassland",24,30,25965.724,5813.4168,415.7976,178.2516,0.1976,0.0160133258752962,6231.77376,7789.7172,"PP","NP",178.11328,"NP"
"354","Gh11","Grassland",24,30,923.5568,416.9716,3.3916,3.3864,0,0.00367232421438508,221.653632,277.06704,"NP","NP",3.3864,"NP"
"355","Gh12","Grassland",24,30,329.4952,221.1288,0.2512,0.2172,0,0.000762378329031804,79.078848,98.84856,"NP","NP",0.2172,"NP"
"356","Gh15","Grassland",24,30,8598.4796,5468.9772,660.7764,579.9928,3.662,0.0768480511368545,2063.635104,2579.54388,"PP","PP",577.4294,"PP"
"357","Gh5","Grassland",24,30,4949.5984,2576.7764,161.4116,72.5672,0.0316,0.0326110498176983,1187.903616,1484.87952,"PP","PP",72.54508,"PP"
"358","Gh6","Grassland",24,30,16012.9004,10488.0812,503.6336,350.8104,1.3236,0.0314517412473258,3843.096096,4803.87012,"PP","PP",349.88388,"PP"
"359","Gh7","Grassland",28,30,1571.9508,1286.1452,76.2432,67.8852,0.6408,0.0485022813691115,440.146224,471.58524,"PP","PP",67.43664,"PP"
"360","Gh8","Grassland",28,30,80.4668,66.1308,14.1976,12.4564,0.0692,0.176440469858376,22.530704,24.14004,"MP","MP",12.40796,"MP"
"361","Gh9","Grassland",24,30,7074.3048,5306.9972,185.6532,168.4476,0,0.0262433136892829,1697.833152,2122.29144,"PP","PP",168.4476,"PP"
"362","Gm10","Grassland",24,30,1093.2008,183.1432,80.1192,46.2268,0.3276,0.0732886401107646,262.368192,327.96024,"PP","PP",45.99748,"PP"
"363","Gm11","Grassland",24,30,10508.8704,4209.3672,239.0444,183.178,1.2644,0.022746916738073,2522.128896,3152.66112,"PP","PP",182.29292,"PP"
"364","Gm12","Grassland",24,30,12772.3408,3707.4124,707.9652,363.8236,4.8196,0.0554295575952687,3065.361792,3831.70224,"PP","PP",360.44988,"PP"
"365","Gm13","Grassland",27,30,3927.052,2126.2596,209.5532,147.0424,0.402,0.0533614528149869,1060.30404,1178.1156,"PP","PP",146.761,"PP"
"366","Gm14","Grassland",27,30,3750.41,2950.1124,541.438,492.0124,5.9576,0.144367682466717,1012.6107,1125.123,"MP","PP",487.84208,"PP"
"367","Gm15","Grassland",24,30,4216.8496,1967.0736,339.544,215.03,5.602,0.0805207755097549,1012.043904,1265.05488,"PP","PP",211.1086,"PP"
"368","Gm16","Grassland",24,30,6124.0568,2455.7828,157.2732,96.862,0.7512,0.0256812118398379,1469.773632,1837.21704,"PP","PP",96.33616,"PP"
"369","Gm17","Grassland",27,30,1087.416,611.008,635.7056,473.8984,6.6056,0.584602029030288,293.60232,326.2248,"WP","WP",469.27448,"WP"
"370","Gm19","Grassland",24,30,1380.852,847.0616,18.4548,12.6732,0.006,0.0133647921717896,331.40448,414.2556,"PP","NP",12.669,"NP"
"371","Gm20","Grassland",24,30,20.3384,18.3784,0,0,0,0,4.881216,6.10152,"NP","NP",0,"NP"
"372","Gm21","Grassland",24,30,1551.0772,1192.6756,195.284,167.0936,0.8372,0.125902179465987,372.258528,465.32316,"MP","PP",166.50756,"PP"
"373","Gm22","Grassland",27,30,939.1744,352.086,34.0816,28.2592,4.07,0.0362888937347526,253.577088,281.75232,"PP","PP",25.4102,"PP"
"374","Gm23","Grassland",27,30,1373.9432,759.7868,372.0572,333.2668,10.1392,0.270795182799405,370.964664,412.18296,"WP","MP",326.16936,"MP"
"375","Gm24","Grassland",27,30,10.0012,9.3328,7.566,7.3124,0.1456,0.756509218893733,2.700324,3.00036,"WP","WP",7.21048,"WP"
"376","Gm25","Grassland",27,30,430.6344,103.7852,18.1104,11.0128,0.0044,0.0420551632661023,116.271288,129.19032,"PP","PP",11.00972,"PP"
"377","Gm26","Grassland",27,30,260.5796,242.2212,116.11,114.3456,0.9356,0.445583614373497,70.356492,78.17388,"WP","WP",113.69068,"WP"
"378","Gm27","Grassland",24,30,268.0664,261.144,73.058,71.6392,1.2072,0.272536953530916,64.335936,80.41992,"WP","WP",70.79416,"WP"
"379","Gm28","Grassland",24,30,93.8756,91.556,28.752,28.2948,0.4608,0.306277669596785,22.530144,28.16268,"WP","WP",27.97224,"WP"
"380","Gm29","Grassland",24,30,523.222,502.7088,137.6028,136.7704,0,0.262991235078036,125.57328,156.9666,"WP","WP",136.7704,"WP"
"381","Gm3","Grassland",24,30,14029.2096,5639.0196,262.352,127.4596,2.2136,0.0187004120317655,3367.010304,4208.76288,"PP","NP",125.91008,"NP"
"382","Gm30","Grassland",24,30,3858.6324,2611.3308,373.1628,297.4932,2.2776,0.0967085644126142,926.071776,1157.58972,"PP","PP",295.89888,"PP"
"383","Gm31","Grassland",24,30,1048.1812,536.1616,436.8036,348.6736,2.446,0.416725276125922,251.563488,314.45436,"WP","WP",346.9614,"WP"
"384","Gm4","Grassland",24,30,11278.5632,6209.7068,898.9676,586.9992,5.82,0.0797058618246693,2706.855168,3383.56896,"PP","PP",582.9252,"PP"
"385","Gm6","Grassland",24,30,9891.6532,5464.9784,142.062,39.0864,0.0356,0.0143618055675466,2373.996768,2967.49596,"PP","NP",39.06148,"NP"
"386","Gm7","Grassland",28,30,30.0484,27.6196,0.49,0.45,0,0.0163070246668708,8.413552,9.01452,"PP","PP",0.45,"PP"
"387","Gm8","Grassland",24,30,14492.9396,5504.348,264.3372,125.5064,0.2612,0.0182390327494361,3478.305504,4347.88188,"PP","NP",125.32356,"NP"
"388","Gm9","Grassland",24,30,1313.2256,435.8432,104.3944,58.3808,0.1524,0.0794946428092782,315.174144,393.96768,"PP","PP",58.27412,"PP"
"389","Gs1","Grassland",23,30,539.2132,281.4492,18.0424,17.72,0.0376,0.0334606051928996,124.019036,161.76396,"PP","PP",17.69368,"PP"
"390","Gs2","Grassland",27,30,1058.0116,818.9024,216.9692,203.1584,0,0.205072609789912,285.663132,317.40348,"MP","MP",203.1584,"MP"
"391","Gs3","Grassland",23,30,1742.278,1563.8912,195.9232,182.7732,7.6028,0.112452318171956,400.72394,522.6834,"PP","PP",177.45124,"PP"
"392","Gs4","Grassland",24,30,7440.426,4242.93,296.5556,202.2124,3.4684,0.0398573415016828,1785.70224,2232.1278,"PP","PP",199.78452,"PP"
"393","Gs7","Grassland",23,30,4653.6068,2366.6848,16.95,12.1508,0,0.00364233609079306,1070.329564,1396.08204,"NP","NP",12.1508,"NP"
"394","Gs8","Grassland",23,30,2862.4156,1664.26,181.0776,132.58,0.5372,0.0632604154337337,658.355588,858.72468,"PP","PP",132.20396,"PP"
"395","CB2","Indian Ocean Coastal Belt",25,30,1122.15,401.0516,222.344,186.8424,0.0856,0.198141068484605,280.5375,336.645,"MP","MP",186.78248,"MP"
"396","SVcb1","Savanna",19,30,6651.4568,5108.8792,1280.0156,1116.6516,0,0.192441391185161,1263.776792,1995.43704,"WP","MP",1116.6516,"MP"
"397","SVcb10","Savanna",24,30,1442.1488,919.6632,79.2656,68.1896,0.2008,0.0549635377431233,346.115712,432.64464,"PP","PP",68.04904,"PP"
"398","SVcb12","Savanna",19,30,17384.092,10862.8848,1499.8948,1193.7468,0.0044,0.0862797320676858,3302.97748,5215.2276,"PP","PP",1193.74372,"PP"
"399","SVcb13","Savanna",24,30,2066.3028,1920.4356,427.3144,396.8984,0.1348,0.206801442654,495.912672,619.89084,"MP","MP",396.80404,"MP"
"400","SVcb14","Savanna",19,30,759.892,441.2272,95.95,64.1276,0,0.126267943339317,144.37948,227.9676,"MP","PP",64.1276,"PP"
"401","SVcb15","Savanna",19,30,7198.2152,2856.3324,546.6728,395.1656,0,0.0759456038491319,1367.660888,2159.46456,"PP","PP",395.1656,"PP"
"402","SVcb16","Savanna",19,30,12078.146,9880.8072,1715.886,1571.4564,0,0.142065346784184,2294.84774,3623.4438,"MP","MP",1571.4564,"MP"
"403","SVcb17","Savanna",24,30,8901.2312,8214.646,1860.6164,1792.5144,0.4936,0.209029105996033,2136.295488,2670.36936,"MP","MP",1792.16888,"MP"
"404","SVcb18","Savanna",19,30,6496.36,5101.8224,708.1908,633.6272,0,0.109013478317088,1234.3084,1948.908,"MP","MP",633.6272,"MP"
"405","SVcb19","Savanna",19,30,12021.6592,10665.7168,1130.736,1048.3356,0,0.094058231163299,2284.115248,3606.49776,"PP","PP",1048.3356,"PP"
"406","SVcb2","Savanna",19,30,1107.4924,1075.8564,279.8092,277.8712,0,0.252651124287625,210.423556,332.24772,"WP","WP",277.8712,"WP"
"407","SVcb20","Savanna",19,30,10110.8896,6219.6988,495.72,348.674,0.1776,0.0490283268447516,1921.069024,3033.26688,"PP","PP",348.54968,"PP"
"408","SVcb21","Savanna",24,30,4147.7392,3045.662,769.786,647.086,59.3716,0.185591707405326,995.457408,1244.32176,"MP","MP",605.52588,"MP"
"409","SVcb22","Savanna",36,30,0.602,0.5316,0.602,0.5316,0.06,1,0.21672,0.1806,"WP","WP",0.4896,"WP"
"410","SVcb23","Savanna",19,30,4445.3284,2519.1048,149.934,125.7104,3.7824,0.0337284417502203,844.612396,1333.59852,"PP","PP",123.06272,"PP"
"411","SVcb24","Savanna",24,30,666.91,596.7168,83.258,74.4736,0,0.124841432877,160.0584,200.073,"MP","PP",74.4736,"PP"
"412","SVcb25","Savanna",24,30,891.324,823.9772,144.6168,141.3864,0.128,0.162249417720156,213.91776,267.3972,"MP","MP",141.2968,"MP"
"413","SVcb26","Savanna",24,30,2000.0168,1747.8652,271.8056,262.9276,1.8196,0.135901658426069,480.004032,600.00504,"MP","MP",261.65388,"MP"
"414","SVcb27","Savanna",19,30,2522.834,1210.104,52.02,40.026,0,0.0206196681985418,479.33846,756.8502,"PP","PP",40.026,"PP"
"415","SVcb28","Savanna",24,30,2316.1448,1809.8568,260.8492,238.6696,0.1024,0.112622146940036,555.874752,694.84344,"PP","PP",238.59792,"PP"
"416","SVcb6","Savanna",19,30,2285.098,708.9796,75.0208,41.394,0,0.0328304519105964,434.16862,685.5294,"PP","PP",41.394,"PP"
"417","SVcb7","Savanna",24,30,491.3284,360.9508,10.3584,9.46,0,0.0210824369199908,117.918816,147.39852,"PP","PP",9.46,"PP"
"418","SVcb8","Savanna",19,30,1833.3936,843.362,87.7784,36.1608,0.0108,0.0478775534069716,348.344784,550.01808,"PP","PP",36.15324,"PP"
"419","SVcb9","Savanna",24,30,3104.532,2593.0128,466.3652,443.0276,4.0216,0.150220774016824,745.08768,931.3596,"MP","MP",440.21248,"MP"
"420","SVl1","Savanna",19,30,2090.6908,1579.2596,980.7336,831.0872,7.5956,0.46909547791572,397.231252,627.20724,"WP","WP",825.77028,"WP"
"421","SVl10","Savanna",19,30,942.7836,615.1964,406.4452,387.29,0.1932,0.431111869150036,179.128884,282.83508,"WP","WP",387.15476,"WP"
"422","SVl11","Savanna",24,30,630.6152,596.5872,496.1364,493.128,0,0.786749827787215,151.347648,189.18456,"WP","WP",493.128,"WP"
"423","SVl12","Savanna",24,30,464.2436,364.6696,105.2928,101.7064,0,0.226805065271767,111.418464,139.27308,"MP","MP",101.7064,"MP"
"424","SVl13","Savanna",24,30,109.4832,72.4612,32.476,27.5328,0.882,0.296629985239744,26.275968,32.84496,"WP","WP",26.9154,"WP"
"425","SVl14","Savanna",19,30,1381.2076,1033.4924,575.028,471.6164,2.6608,0.416322644039897,262.429444,414.36228,"WP","WP",469.75384,"WP"
"426","SVl15","Savanna",24,30,1345.808,1343.736,1330.9564,1329.1212,0,0.988964547691796,322.99392,403.7424,"WP","WP",1329.1212,"WP"
"427","SVl16","Savanna",24,30,1303.518,1045.0056,185.246,178.1616,5.6876,0.142112345207354,312.84432,391.0554,"MP","MP",174.18028,"MP"
"428","SVl17","Savanna",24,30,127.574,36.3308,1.7092,0.886,0,0.0133977142677975,30.61776,38.2722,"PP","NP",0.886,"NP"
"429","SVl18","Savanna",19,30,1124.394,865.0132,220.7564,207.4408,0.0288,0.196333669514423,213.63486,337.3182,"WP","MP",207.42064,"MP"
"430","SVl19","Savanna",19,30,152.9456,80.776,29.754,29.0792,0.1724,0.194539757927001,29.059664,45.88368,"WP","WP",28.95852,"MP"
"431","SVl2","Savanna",19,30,183.8536,183.8284,181.9316,181.9064,0,0.989546030102212,34.932184,55.15608,"WP","WP",181.9064,"WP"
"432","SVl20","Savanna",19,30,1645.1236,648.6476,353.9092,227.0668,7.4044,0.215126206930592,312.573484,493.53708,"WP","MP",221.88372,"MP"
"433","SVl21","Savanna",19,30,335.0944,268.5708,138.6872,136.374,1.5052,0.413875015518015,63.667936,100.52832,"WP","WP",135.32036,"WP"
"434","SVl22","Savanna",19,30,4770.6844,3358.0616,563.6216,519.8688,6.9908,0.118142713443799,906.430036,1431.20532,"MP","MP",514.97524,"MP"
"435","SVl23","Savanna",19,30,7094.574,4497.7396,1573.024,1477.4416,20.9976,0.221722121722883,1347.96906,2128.3722,"WP","WP",1462.74328,"WP"
"436","SVl24","Savanna",19,30,694.624,182.28,0,0,0,0,131.97856,208.3872,"NP","NP",0,"NP"
"437","SVl25","Savanna",25,30,660.6212,472.9328,134.062,114.0636,0.0008,0.202933239199711,165.1553,198.18636,"MP","MP",114.06304,"MP"
"438","SVl26","Savanna",25,30,703.61,510.344,48.55,46.7884,0,0.0690012933301118,175.9025,211.083,"PP","PP",46.7884,"PP"
"439","SVl27","Savanna",24,30,539.908,426.688,107.8216,92.7252,3.0252,0.199703653214992,129.57792,161.9724,"MP","MP",90.60756,"MP"
"440","SVl3","Savanna",19,30,15822.7516,11896.1492,6502.0568,6421.8364,0.4272,0.410930852254547,3006.322804,4746.82548,"WP","WP",6421.53736,"WP"
"441","SVl4","Savanna",19,30,786.1288,591.676,486.0096,485.1976,0,0.61823151626044,149.364472,235.83864,"WP","WP",485.1976,"WP"
"442","SVl5","Savanna",19,30,2855.0596,2478.2988,2254.9828,2249.0444,0,0.789819869259472,542.461324,856.51788,"WP","WP",2249.0444,"WP"
"443","SVl6","Savanna",19,30,760.2468,757.7016,760.034,757.4888,0.0348,0.999720090896798,144.446892,228.07404,"WP","WP",757.46444,"WP"
"444","SVl7","Savanna",19,30,323.4536,286.2132,38.7644,38.3772,0,0.119845319390478,61.456184,97.03608,"MP","MP",38.3772,"MP"
"445","SVl8","Savanna",19,30,3399.5656,1748.3556,147.9504,109.2308,4.6316,0.0435203838984604,645.917464,1019.86968,"PP","PP",105.98868,"PP"
"446","SVl9","Savanna",19,30,3562.4732,1115.6136,218.806,111.5612,12.7716,0.0614196901186513,676.869908,1068.74196,"PP","PP",102.62108,"PP"
"447","SVmp1","Savanna",19,30,8797.3088,8133.022,1095.156,1029.6148,0.002,0.124487616030939,1671.488672,2639.19264,"MP","MP",1029.6134,"MP"
"448","SVmp2","Savanna",19,30,2785.7408,2718.2392,835.5156,827.9612,0.0248,0.299925822244482,529.290752,835.72224,"WP","WP",827.94384,"WP"
"449","SVmp3","Savanna",19,30,277.0592,276.878,277.0536,276.8724,0.0424,0.99997978771324,52.641248,83.11776,"WP","WP",276.84272,"WP"
"450","SVmp4","Savanna",19,30,2805.3784,2800.2144,2798.3128,2793.1508,0,0.997481409281543,533.021896,841.61352,"WP","WP",2793.1508,"WP"
"451","SVmp5","Savanna",19,30,5317.0804,4722.0828,3735.904,3724.0572,0,0.702623191479294,1010.245276,1595.12412,"WP","WP",3724.0572,"WP"
"452","SVmp6","Savanna",19,30,3154.1124,2431.4684,1185.3232,1181.2848,0,0.375802460305473,599.281356,946.23372,"WP","WP",1181.2848,"WP"
"453","SVmp7","Savanna",19,30,2225.5536,2027.626,1603.1268,1592.2,0,0.720327203083314,422.855184,667.66608,"WP","WP",1592.2,"WP"
"454","SVmp8","Savanna",19,30,310.438,310.2836,310.438,310.2836,0,1,58.98322,93.1314,"WP","WP",310.2836,"WP"
"455","SVs1","Savanna",25,30,2706.5924,1972.284,12.6572,11.5064,0.0208,0.00467643373268912,676.6481,811.97772,"NP","NP",11.49184,"NP"
"456","SVs2","Savanna",25,30,2215.6012,1631.75,66.5624,57.2596,0.06,0.0300425906972789,553.9003,664.68036,"PP","PP",57.2176,"PP"
"457","SVs3","Savanna",25,30,1533.5048,1014.296,36.6192,23.6392,0.834,0.0238794166148029,383.3762,460.05144,"PP","PP",23.0554,"PP"
"458","SVcb29","Savanna",19,30,388.1768,373.6608,97.9996,96.5044,0,0.252461249616154,73.753592,116.45304,"WP","WP",96.5044,"WP"
"459","SVcb4","Savanna",24,30,4122.4704,3661.8716,295.7732,276.6152,0.4004,0.0717465915583045,989.392896,1236.74112,"PP","PP",276.33492,"PP"
"460","Gh13","Grassland",24,30,3766.2224,2123.7648,56.1984,54.3676,0,0.0149216891705599,903.893376,1129.86672,"PP","PP",54.3676,"PP"
"461","SVcb5","Savanna",24,30,367.1036,359.8116,347.3172,342.6632,0,0.946101318537873,88.104864,110.13108,"WP","WP",342.6632,"WP"
"462","Gh14","Grassland",24,30,9187.4096,3675.5048,76.26,58.5316,0.0016,0.00830048983556802,2204.978304,2756.22288,"NP","NP",58.53048,"NP"
"463","SVcb3","Savanna",19,30,1332.022,889.586,33.6308,18.9156,0.2084,0.0252479313404734,253.08418,399.6066,"PP","PP",18.76972,"PP"
"464","Gm2","Grassland",28,30,720.6988,627.636,0,0,0,0,201.795664,216.20964,"NP","NP",0,"NP"
"465","SVk3","Savanna",16,30,1366.9324,576.2632,27.4284,12.2484,0,0.0200656594283668,218.709184,410.07972,"PP","PP",12.2484,"PP"
